file_url,title,date,article_title,article_url,publication,description,divID,number
https://firstlook.org/theintercept/document/2014/12/13/gchq-automated-noc-detection-2011/,GCHQ – Automated NOC detection (2011),12/13/14,Operation Socialist: The Inside Story of How British Spies Hacked Belgium's Largest Telco,https://firstlook.org/theintercept/2014/12/13/belgacom-hack-gchq-inside-story/,Intercept,The British government infected Belgacom with among the most advanced malware ever seen.,gchq-automated-noc-detection,1379029
https://firstlook.org/theintercept/document/2014/12/13/gchq-making-network-sense-encryption-problem-2011/,GCHQ – Making network sense of the encryption problem (2011),12/13/14,Operation Socialist: The Inside Story of How British Spies Hacked Belgium's Largest Telco,https://firstlook.org/theintercept/2014/12/13/belgacom-hack-gchq-inside-story/,Intercept,The British government infected Belgacom with among the most advanced malware ever seen.,gchq-making-network-sense-of-the-encryption,1379027
https://firstlook.org/theintercept/document/2014/03/12/quantum-insert-diagrams/,Quantum Insert Diagrams,12/13/14,Operation Socialist: The Inside Story of How British Spies Hacked Belgium's Largest Telco,https://firstlook.org/theintercept/2014/12/13/belgacom-hack-gchq-inside-story/,Intercept,The British government infected Belgacom with among the most advanced malware ever seen.,quantum-insert-diagrams,1076862
https://firstlook.org/theintercept/document/2014/12/13/gchq-mobile-networks-noc-world/,GCHQ – Mobile Networks in My NOC World (2011),12/13/14,Operation Socialist: The Inside Story of How British Spies Hacked Belgium's Largest Telco,https://firstlook.org/theintercept/2014/12/13/belgacom-hack-gchq-inside-story/,Intercept,The British government infected Belgacom with among the most advanced malware ever seen.,gchq-mobile-networks-in-my-noc-world,1379028
https://firstlook.org/theintercept/document/2014/12/13/gchq-stargate-cne-requirements/,GCHQ  – Stargate CNE requirements,12/13/14,Operation Socialist: The Inside Story of How British Spies Hacked Belgium's Largest Telco,https://firstlook.org/theintercept/2014/12/13/belgacom-hack-gchq-inside-story/,Intercept,The British government infected Belgacom with among the most advanced malware ever seen.,gchq-stargate-cne-requirements,1379026
https://firstlook.org/theintercept/document/2014/12/13/gchq-nac-review-october-december-2011/,GCHQ NAC review – October to December (2011),12/13/14,Operation Socialist: The Inside Story of How British Spies Hacked Belgium's Largest Telco,https://firstlook.org/theintercept/2014/12/13/belgacom-hack-gchq-inside-story/,Intercept,The British government infected Belgacom with among the most advanced malware ever seen.,gchq-nac-review-october-december-2011,1379048
https://firstlook.org/theintercept/document/2014/12/13/gchq-nac-business-review-january-march-2011/,GCHQ NAC review – January to March (2011),12/13/14,Operation Socialist: The Inside Story of How British Spies Hacked Belgium's Largest Telco,https://firstlook.org/theintercept/2014/12/13/belgacom-hack-gchq-inside-story/,Intercept,The British government infected Belgacom with among the most advanced malware ever seen.,gchq-nac-business-review-january-march-2011,1379049
https://firstlook.org/theintercept/document/2014/12/13/gchq-nac-review-april-june-2011/,GCHQ NAC review – April to June (2011),12/13/14,Operation Socialist: The Inside Story of How British Spies Hacked Belgium's Largest Telco,https://firstlook.org/theintercept/2014/12/13/belgacom-hack-gchq-inside-story/,Intercept,The British government infected Belgacom with among the most advanced malware ever seen.,gchq-nac-review-april-june-2011,1379050
https://firstlook.org/theintercept/document/2014/12/13/gchq-nac-review-july-september-2011/,GCHQ NAC review – July to September (2011),12/13/14,Operation Socialist: The Inside Story of How British Spies Hacked Belgium's Largest Telco,https://firstlook.org/theintercept/2014/12/13/belgacom-hack-gchq-inside-story/,Intercept,The British government infected Belgacom with among the most advanced malware ever seen.,gchq-nac-review-july-sept-2011,1379052
https://firstlook.org/theintercept/document/2014/12/13/gchq-nac-review-january-march-2012/,GCHQ NAC review – January to March (2012),12/13/14,Operation Socialist: The Inside Story of How British Spies Hacked Belgium's Largest Telco,https://firstlook.org/theintercept/2014/12/13/belgacom-hack-gchq-inside-story/,Intercept,The British government infected Belgacom with among the most advanced malware ever seen.,gchq-nac-review-january-march-2012,1379053
https://firstlook.org/theintercept/document/2014/12/13/hopscotch/,Hopscotch,12/13/14,Operation Socialist: The Inside Story of How British Spies Hacked Belgium's Largest Telco,https://firstlook.org/theintercept/2014/12/13/belgacom-hack-gchq-inside-story/,Intercept,The British government infected Belgacom with among the most advanced malware ever seen.,gchq-hopscotch,1379058
https://firstlook.org/theintercept/document/2014/12/13/gchq-belgacom-connections/,GCHQ – Belgacom connections,12/13/14,Operation Socialist: The Inside Story of How British Spies Hacked Belgium's Largest Telco,https://firstlook.org/theintercept/2014/12/13/belgacom-hack-gchq-inside-story/,Intercept,The British government infected Belgacom with among the most advanced malware ever seen.,gchq-belgacom-connections,1379059
https://firstlook.org/theintercept/document/2014/12/04/auroragold-working-group/,AURORAGOLD Working Group,12/4/14,Operation AURORAGOLD: How the NSA Hacks Cellphone Networks Worldwide,https://firstlook.org/theintercept/2014/12/04/nsa-auroragold-hack-cellphones/,Intercept,The NSA has spied on hundreds of companies and organizations to find security flaws in cellphone technology that it can secretly exploit for surveillance.,auroragold-working-group,1374178
https://firstlook.org/theintercept/document/2014/12/04/auroragold-working-aid,AURORAGOLD working aid,12/4/14,Operation AURORAGOLD: How the NSA Hacks Cellphone Networks Worldwide,https://firstlook.org/theintercept/2014/12/04/nsa-auroragold-hack-cellphones/,Intercept,The NSA has spied on hundreds of companies and organizations to find security flaws in cellphone technology that it can secretly exploit for surveillance.,auroragold-working-aid,1374177
https://firstlook.org/theintercept/document/2014/12/04/ir-21-technology-warning-mechanism,IR.21 – A Technology Warning Mechanism,12/4/14,Operation AURORAGOLD: How the NSA Hacks Cellphone Networks Worldwide,https://firstlook.org/theintercept/2014/12/04/nsa-auroragold-hack-cellphones/,Intercept,The NSA has spied on hundreds of companies and organizations to find security flaws in cellphone technology that it can secretly exploit for surveillance.,ir21-a-technology-warning-mechanism,1374179
https://firstlook.org/theintercept/document/2014/12/04/opulent-pup-encryption-attack,OPULENT PUP encryption attack,12/4/14,Operation AURORAGOLD: How the NSA Hacks Cellphone Networks Worldwide,https://firstlook.org/theintercept/2014/12/04/nsa-auroragold-hack-cellphones/,Intercept,The NSA has spied on hundreds of companies and organizations to find security flaws in cellphone technology that it can secretly exploit for surveillance.,opulant-pup-encryption-attack,1374188
https://firstlook.org/theintercept/document/2014/12/04/wolframite-encryption-attack,WOLFRAMITE encryption attack,12/4/14,Operation AURORAGOLD: How the NSA Hacks Cellphone Networks Worldwide,https://firstlook.org/theintercept/2014/12/04/nsa-auroragold-hack-cellphones/,Intercept,The NSA has spied on hundreds of companies and organizations to find security flaws in cellphone technology that it can secretly exploit for surveillance.,wolframite-encryption-attack,1374189
https://firstlook.org/theintercept/document/2014/12/04/first-ever-collect-high-interest-4g-cellular-signal,NSA First-Ever Collect of High-Interest 4G Cellular Signal,12/4/14,Operation AURORAGOLD: How the NSA Hacks Cellphone Networks Worldwide,https://firstlook.org/theintercept/2014/12/04/nsa-auroragold-hack-cellphones/,Intercept,The NSA has spied on hundreds of companies and organizations to find security flaws in cellphone technology that it can secretly exploit for surveillance.,site-makes-first-ever-collect-of-high-interest,1374180
https://firstlook.org/theintercept/document/2014/12/04/auroragold-project-overview,AURORAGOLD project overview (2011),12/4/14,Operation AURORAGOLD: How the NSA Hacks Cellphone Networks Worldwide,https://firstlook.org/theintercept/2014/12/04/nsa-auroragold-hack-cellphones/,Intercept,The NSA has spied on hundreds of companies and organizations to find security flaws in cellphone technology that it can secretly exploit for surveillance.,auroragold-project-overview,1374175
https://firstlook.org/theintercept/document/2014/12/04/auroragold-target-technology-trends-center-support-wpmo,AURORAGOLD – Target Technology Trends Center support to WPMO (2011),12/4/14,Operation AURORAGOLD: How the NSA Hacks Cellphone Networks Worldwide,https://firstlook.org/theintercept/2014/12/04/nsa-auroragold-hack-cellphones/,Intercept,The NSA has spied on hundreds of companies and organizations to find security flaws in cellphone technology that it can secretly exploit for surveillance.,auroragold-target-technology-trends-center,1374176
https://firstlook.org/theintercept/document/2014/12/04/nsa-gchq-csec-network-tradecraft-advancement-team,NSA/GCHQ/CSEC Network Tradecraft Advancement Team (2010),12/4/14,Operation AURORAGOLD: How the NSA Hacks Cellphone Networks Worldwide,https://firstlook.org/theintercept/2014/12/04/nsa-auroragold-hack-cellphones/,Intercept,The NSA has spied on hundreds of companies and organizations to find security flaws in cellphone technology that it can secretly exploit for surveillance.,gchq-nsa-csec-network-tradecraft-advancement-team,1374191
https://firstlook.org/theintercept/document/2014/10/10/national-initiative-protection-program-sentry-eagle/,National Initiative Protection Program — Sentry Eagle,10/10/14,Core Secrets: NSA Saboteurs in China and Germany,https://firstlook.org/theintercept/2014/10/10/core-secrets/,Intercept," NSA agents use “physical subversion” to infiltrate networks and devices, documents show.",national-initiative-nsacss-core-secrets,1312019
https://firstlook.org/theintercept/document/2014/10/10/target-exploitation-classification-guide/,Target Exploitation Classification Guide,10/10/14,Core Secrets: NSA Saboteurs in China and Germany,https://firstlook.org/theintercept/2014/10/10/core-secrets/,Intercept," NSA agents use “physical subversion” to infiltrate networks and devices, documents show.",tarex-class-guide,1312020
https://firstlook.org/theintercept/document/2014/10/10/computer-network-exploitation-classification-guide/,Computer Network Exploitation Classification Guide,10/10/14,Core Secrets: NSA Saboteurs in China and Germany,https://firstlook.org/theintercept/2014/10/10/core-secrets/,Intercept," NSA agents use “physical subversion” to infiltrate networks and devices, documents show.",cne-declass-guide,1312012
https://firstlook.org/theintercept/document/2014/10/10/nsa-exceptionally-controlled-information-listing-12-september-2003/,"NSA Exceptionally Controlled Information Listing, 12 September 2003",10/10/14,Core Secrets: NSA Saboteurs in China and Germany,https://firstlook.org/theintercept/2014/10/10/core-secrets/,Intercept," NSA agents use “physical subversion” to infiltrate networks and devices, documents show.",file3057546454184113062,1312018
https://firstlook.org/theintercept/document/2014/10/10/eci-whipgenie-classification-guide/,ECI WHIPGENIE Classification Guide,10/10/14,Core Secrets: NSA Saboteurs in China and Germany,https://firstlook.org/theintercept/2014/10/10/core-secrets/,Intercept," NSA agents use “physical subversion” to infiltrate networks and devices, documents show.",whipgenie-classification-guide25jan05,1312021
https://firstlook.org/theintercept/document/2014/10/10/nsa-classification-guide-eci-pawleys/,NSA Classification Guide for ECI Pawleys,10/10/14,Core Secrets: NSA Saboteurs in China and Germany,https://firstlook.org/theintercept/2014/10/10/core-secrets/,Intercept," NSA agents use “physical subversion” to infiltrate networks and devices, documents show.",eci-pawleys-class-guide,1312017
https://firstlook.org/theintercept/document/2014/10/10/eci-control-authorities/,Exceptionally Controlled Information Compartments,10/10/14,Core Secrets: NSA Saboteurs in China and Germany,https://firstlook.org/theintercept/2014/10/10/core-secrets/,Intercept," NSA agents use “physical subversion” to infiltrate networks and devices, documents show.",eci-control-authorities,1312016
https://firstlook.org/theintercept/document/2014/10/10/cno-core-secrets/,CNO Core Secrets Slide Slices,10/10/14,Core Secrets: NSA Saboteurs in China and Germany,https://firstlook.org/theintercept/2014/10/10/core-secrets/,Intercept," NSA agents use “physical subversion” to infiltrate networks and devices, documents show.",cno-core-secrets-slide-slices-14-june-06,1312014
https://firstlook.org/theintercept/document/2014/10/10/cno-core-secrets-security-structure/,CNO Core Secrets Security Structure,10/10/14,Core Secrets: NSA Saboteurs in China and Germany,https://firstlook.org/theintercept/2014/10/10/core-secrets/,Intercept," NSA agents use “physical subversion” to infiltrate networks and devices, documents show.",cno-core-secrets-security-structure-23-june-06,1312013
https://firstlook.org/theintercept/document/2014/10/10/cno-core-secrets-2/,CNO Core Secrets,10/10/14,Core Secrets: NSA Saboteurs in China and Germany,https://firstlook.org/theintercept/2014/10/10/core-secrets/,Intercept," NSA agents use “physical subversion” to infiltrate networks and devices, documents show.",cno-core-secrets,1312015
https://firstlook.org/theintercept/document/2014/09/15/new-zealand-visit-precis/,New Zealand Visit Precis,9/15/14,Treasure Map Announces a New Release,https://firstlook.org/theintercept/2014/09/15/new-zealand-gcsb-speargun-mass-surveillance/,Intercept,"New Zealand began work on a program to intercept citizens' metadata, according to NSA documents.",ferguson-nsa-visit-precis,1301562
https://firstlook.org/theintercept/document/2014/08/25/cia-colleagues-enthusiastically-welcome-nsa-training,CIA Colleagues Enthusiastically Welcome NSA Training,8/25/14,The Surveillance Engine: How the NSA Built Its Own Secret Google,https://firstlook.org/theintercept/article/2014/08/25/icreach-nsa-cia-secret-google-crisscross-proton,Intercept,The NSA is secretly using a Google-like tool to share its vast pools of surveillance data with law enforcement agencies.,cia-colleagues-enthusiastically-welcome-nsa,1278878
https://firstlook.org/theintercept/document/2014/08/25/sharing-communications-metadata-across-u-s-intelligence-community,Sharing Communications Metadata Across the U.S. Intelligence Community,8/25/14,The Surveillance Engine: How the NSA Built Its Own Secret Google,https://firstlook.org/theintercept/article/2014/08/25/icreach-nsa-cia-secret-google-crisscross-proton,Intercept,The NSA is secretly using a Google-like tool to share its vast pools of surveillance data with law enforcement agencies.,sharing-communications-metadata-across-the-u-s,1278905
https://firstlook.org/theintercept/document/2014/08/25/icreach-wholesale-sharing-2007,ICREACH Wholesale Sharing (2007),8/25/14,The Surveillance Engine: How the NSA Built Its Own Secret Google,https://firstlook.org/theintercept/article/2014/08/25/icreach-nsa-cia-secret-google-crisscross-proton,Intercept,The NSA is secretly using a Google-like tool to share its vast pools of surveillance data with law enforcement agencies.,icreach-wholesale-sharing,1278913
https://firstlook.org/theintercept/document/2014/08/25/decision-memorandum-dni-icreach,Decision Memorandum for the DNI on ICREACH,8/25/14,The Surveillance Engine: How the NSA Built Its Own Secret Google,https://firstlook.org/theintercept/article/2014/08/25/icreach-nsa-cia-secret-google-crisscross-proton,Intercept,The NSA is secretly using a Google-like tool to share its vast pools of surveillance data with law enforcement agencies.,decision-memorandum-for-dni-on-icreach,1278888
https://firstlook.org/theintercept/document/2014/08/25/metadata-sharing-memorandum-2005,Metadata Sharing Memorandum (2005),8/25/14,The Surveillance Engine: How the NSA Built Its Own Secret Google,https://firstlook.org/theintercept/article/2014/08/25/icreach-nsa-cia-secret-google-crisscross-proton,Intercept,The NSA is secretly using a Google-like tool to share its vast pools of surveillance data with law enforcement agencies.,metadata-sharing-memorandum,1278900
https://firstlook.org/theintercept/document/2014/08/25/crisscross-proton-point-paper,CRISSCROSS/PROTON Point Paper,8/25/14,The Surveillance Engine: How the NSA Built Its Own Secret Google,https://firstlook.org/theintercept/article/2014/08/25/icreach-nsa-cia-secret-google-crisscross-proton,Intercept,The NSA is secretly using a Google-like tool to share its vast pools of surveillance data with law enforcement agencies.,crisscross-proton-point-paper,1278885
https://firstlook.org/theintercept/document/2014/08/25/black-budget-extracts,Black Budget Extracts,8/25/14,The Surveillance Engine: How the NSA Built Its Own Secret Google,https://firstlook.org/theintercept/article/2014/08/25/icreach-nsa-cia-secret-google-crisscross-proton,Intercept,The NSA is secretly using a Google-like tool to share its vast pools of surveillance data with law enforcement agencies.,icreach-black-budget-extract,1278912
https://firstlook.org/theintercept/document/2014/08/25/sharing-sigint-metadata-icreach,Sharing SIGINT metadata on ICREACH,8/25/14,The Surveillance Engine: How the NSA Built Its Own Secret Google,https://firstlook.org/theintercept/article/2014/08/25/icreach-nsa-cia-secret-google-crisscross-proton,Intercept,The NSA is secretly using a Google-like tool to share its vast pools of surveillance data with law enforcement agencies.,sharing-sigint-metadata-on-icreach,1278904
https://firstlook.org/theintercept/document/2014/08/25/metadata-policy-conference,Metadata Policy Conference (2008),8/25/14,The Surveillance Engine: How the NSA Built Its Own Secret Google,https://firstlook.org/theintercept/article/2014/08/25/icreach-nsa-cia-secret-google-crisscross-proton,Intercept,The NSA is secretly using a Google-like tool to share its vast pools of surveillance data with law enforcement agencies.,metadata-policy-conference-1,1278896
https://firstlook.org/theintercept/document/2014/08/12/gchq-covert-mobile-phones-policy/,GCHQ Covert Mobile Phones Policy,8/5/14,GCHQ Covert Mobile Phones Policy,https://firstlook.org/theintercept/2014/08/12/nprs-dina-temple-raston-passed-cia-funded-nsa-contractor-independent-fear-monger-snowden-reporting/,Intercept,"On August 1, NPR’s Morning Edition broadcast a story by NPR national security reporter Dina Temple-Raston touting explosive claims from what she called “a tech firm based in Cambridge, Massachusetts.” That firm, Recorded Future, worked together with “a cyber expert, Mario Vuksan, the CEO of ReversingLabs,” to produce a new report that purported to vindicate the repeated>>",gchq-covert-mobile-phones-policy,1273603
https://firstlook.org/theintercept/document/2014/08/05/directorate-terrorist-identities-dti-strategic-accomplishments-2013/,Directorate of Terrorist Identities (DTI) Strategic Accomplishments 2013,8/3/14,Directorate of Terrorist Identities (DTI) Strategic Accomplishments 2013,https://firstlook.org/theintercept/article/2014/08/05/watch-commander/,Intercept,"Nearly half of the people on the U.S. government’s widely shared database of terrorist suspects are not connected to any known terrorist group, according to classified government documents obtained by The Intercept. Of the 680,000 people caught up in the government’s Terrorist Screening Database—a watchlist of “known or suspected terrorists” that is shared with local>>",dti-strategic-accomplishments-2013,1262305
https://firstlook.org/theintercept/document/2014/08/03/nsa-intelligence-relationship-israel,NSA Intelligence Relationship with Israel,8/3/14,Israel-US 1999 Agreement,https://firstlook.org/theintercept/2014/08/04/cash-weapons-surveillance/,Intercept,"The U.S. government has long lavished overwhelming aid on Israel, providing cash, weapons and surveillance technology that play a crucial role in Israel’s attacks on its neighbors. But top secret documents provided by NSA whistleblower Edward Snowden shed substantial new light on how the U.S. and its partners directly enable Israel’s military assaults – such as>>",nsa-intelligence-relationship-with-israel-april,1240002
https://firstlook.org/theintercept/document/2014/08/03/israel-us-1999-agreement/,Israel-US 1999 Agreement,8/3/14,Israel-US 1999 Agreement,https://firstlook.org/theintercept/2014/08/04/cash-weapons-surveillance/,Intercept,"The U.S. government has long lavished overwhelming aid on Israel, providing cash, weapons and surveillance technology that play a crucial role in Israel’s attacks on its neighbors. But top secret documents provided by NSA whistleblower Edward Snowden shed substantial new light on how the U.S. and its partners directly enable Israel’s military assaults – such as>>",israel-us-1999-agreement,1240001
https://firstlook.org/theintercept/document/2014/07/25/saudi-arabia-information-paper/,Saudi Arabia Information Paper,7/23/14,Saudi Arabia Information Paper,https://firstlook.org/theintercept/2014/07/25/nsas-new-partner-spying-saudi-arabias-brutal-state-police/,Intercept,"The National Security Agency last year significantly expanded its cooperative relationship with the Saudi Ministry of Interior, one of the world’s most repressive and abusive government agencies. An April 2013 top secret memo provided by NSA whistleblower Edward Snowden details the agency’s plans “to provide direct analytic and technical support” to the Saudis on “internal>>",saudi-arabia-information-paper,1236112
https://firstlook.org/theintercept/document/2014/07/14/jtrig-tools-techniques/,JTRIG Tools and Techniques,7/14/14,GCHQ's Joint Threat Research Intelligence Group,https://firstlook.org/theintercept/2014/07/14/manipulating-online-polls-ways-british-spies-seek-control-internet/,Intercept,"The secretive British spy agency GCHQ has developed covert tools to seed the internet with false information, including the ability to manipulate the results of online polls, artificially inflate pageview counts on web sites, “amplif[y]” sanctioned messages on YouTube, and censor video content judged to be “extremist.” The capabilities, detailed in documents provided by NSA>>",jtrigall,1217406
https://firstlook.org/theintercept/document/2014/07/08/fisa-dataflow/,FISA dataflow,7/9/14,Spying on Muslim-American Leaders,https://firstlook.org/theintercept/article/2014/07/09/under-surveillance/,Intercept,"The National Security Agency and FBI have covertly monitored the emails of prominent Muslim-Americans—including a political candidate and several civil rights activists, academics, and lawyers—under secretive procedures intended to target terrorists and foreign spies. According to documents provided by NSA whistleblower Edward Snowden, the list of Americans monitored by their own government includes: • Faisal>>",slide-redacted,1213555
https://firstlook.org/theintercept/document/2014/05/19/somalget-memo/,SOMALGET,5/19/14,Data Pirates of the Caribbean: The NSA is Recording Every Cell Phone Call in the Bahamas,https://firstlook.org/theintercept/article/2014/05/19/data-pirates-caribbean-nsa-recording-every-cell-phone-call-bahamas/,Intercept,"The National Security Agency is secretly intercepting, recording, and archiving the audio of virtually every cell phone conversation on the island nation of the Bahamas. According to documents provided by NSA whistleblower Edward Snowden, the surveillance is part of a top-secret system – code-named SOMALGET – that was implemented without the knowledge or consent of the Bahamian>>",somalget,1164088
https://firstlook.org/theintercept/document/2014/05/19/sidtoday-dea-warfighter/,SIDToday: DEA – The “Other” Warfighter,5/19/14,Data Pirates of the Caribbean: The NSA is Recording Every Cell Phone Call in the Bahamas,https://firstlook.org/theintercept/article/2014/05/19/data-pirates-caribbean-nsa-recording-every-cell-phone-call-bahamas/,Intercept,"The National Security Agency is secretly intercepting, recording, and archiving the audio of virtually every cell phone conversation on the island nation of the Bahamas. According to documents provided by NSA whistleblower Edward Snowden, the surveillance is part of a top-secret system – code-named SOMALGET – that was implemented without the knowledge or consent of the Bahamian>>",sidtoday-dea-the-other-warfighter,1164085
https://firstlook.org/theintercept/document/2014/05/19/sso-dictionary-excerpt/,SSO Dictionary Excerpt,5/19/14,Data Pirates of the Caribbean: The NSA is Recording Every Cell Phone Call in the Bahamas,https://firstlook.org/theintercept/article/2014/05/19/data-pirates-caribbean-nsa-recording-every-cell-phone-call-bahamas/,Intercept,"The National Security Agency is secretly intercepting, recording, and archiving the audio of virtually every cell phone conversation on the island nation of the Bahamas. According to documents provided by NSA whistleblower Edward Snowden, the surveillance is part of a top-secret system – code-named SOMALGET – that was implemented without the knowledge or consent of the Bahamian>>",sso-dictionary-excerpt,1164086
https://firstlook.org/theintercept/document/2014/05/19/mystic/,MYSTIC,5/19/14,Data Pirates of the Caribbean: The NSA is Recording Every Cell Phone Call in the Bahamas,https://firstlook.org/theintercept/article/2014/05/19/data-pirates-caribbean-nsa-recording-every-cell-phone-call-bahamas/,Intercept,"The National Security Agency is secretly intercepting, recording, and archiving the audio of virtually every cell phone conversation on the island nation of the Bahamas. According to documents provided by NSA whistleblower Edward Snowden, the surveillance is part of a top-secret system – code-named SOMALGET – that was implemented without the knowledge or consent of the Bahamian>>",mystic,1164087
https://firstlook.org/theintercept/document/2014/05/19/sso-march-14-2013/,"SSO March 14, 2013",5/19/14,Data Pirates of the Caribbean: The NSA is Recording Every Cell Phone Call in the Bahamas,https://firstlook.org/theintercept/article/2014/05/19/data-pirates-caribbean-nsa-recording-every-cell-phone-call-bahamas/,Intercept,"The National Security Agency is secretly intercepting, recording, and archiving the audio of virtually every cell phone conversation on the island nation of the Bahamas. According to documents provided by NSA whistleblower Edward Snowden, the surveillance is part of a top-secret system – code-named SOMALGET – that was implemented without the knowledge or consent of the Bahamian>>",14mar2013-sso,1164082
https://firstlook.org/theintercept/document/2014/05/19/sso-april-18-2013-whats-new/,"SSO April 18, 2013 – What’s New",5/19/14,Data Pirates of the Caribbean: The NSA is Recording Every Cell Phone Call in the Bahamas,https://firstlook.org/theintercept/article/2014/05/19/data-pirates-caribbean-nsa-recording-every-cell-phone-call-bahamas/,Intercept,"The National Security Agency is secretly intercepting, recording, and archiving the audio of virtually every cell phone conversation on the island nation of the Bahamas. According to documents provided by NSA whistleblower Edward Snowden, the surveillance is part of a top-secret system – code-named SOMALGET – that was implemented without the knowledge or consent of the Bahamian>>",18april2013-sso-whats-new,1164083
https://firstlook.org/theintercept/document/2014/05/19/sso-may-2-2013/,"SSO May 2, 2013",5/19/14,Data Pirates of the Caribbean: The NSA is Recording Every Cell Phone Call in the Bahamas,https://firstlook.org/theintercept/article/2014/05/19/data-pirates-caribbean-nsa-recording-every-cell-phone-call-bahamas/,Intercept,"The National Security Agency is secretly intercepting, recording, and archiving the audio of virtually every cell phone conversation on the island nation of the Bahamas. According to documents provided by NSA whistleblower Edward Snowden, the surveillance is part of a top-secret system – code-named SOMALGET – that was implemented without the knowledge or consent of the Bahamian>>",02may2013-sso,1164079
https://firstlook.org/theintercept/document/2014/05/19/sso-may-3-2013-mystic/,"SSO May 3, 2013 – MYSTIC",5/19/14,Data Pirates of the Caribbean: The NSA is Recording Every Cell Phone Call in the Bahamas,https://firstlook.org/theintercept/article/2014/05/19/data-pirates-caribbean-nsa-recording-every-cell-phone-call-bahamas/,Intercept,"The National Security Agency is secretly intercepting, recording, and archiving the audio of virtually every cell phone conversation on the island nation of the Bahamas. According to documents provided by NSA whistleblower Edward Snowden, the surveillance is part of a top-secret system – code-named SOMALGET – that was implemented without the knowledge or consent of the Bahamian>>",03may2013-sso-mystic,1164080
https://firstlook.org/theintercept/document/2014/05/19/sso-may-3-2012/,"SSO May 3, 2012",5/19/14,Data Pirates of the Caribbean: The NSA is Recording Every Cell Phone Call in the Bahamas,https://firstlook.org/theintercept/article/2014/05/19/data-pirates-caribbean-nsa-recording-every-cell-phone-call-bahamas/,Intercept,"The National Security Agency is secretly intercepting, recording, and archiving the audio of virtually every cell phone conversation on the island nation of the Bahamas. According to documents provided by NSA whistleblower Edward Snowden, the surveillance is part of a top-secret system – code-named SOMALGET – that was implemented without the knowledge or consent of the Bahamian>>",03may2013-sso,1164081
https://firstlook.org/theintercept/document/2014/05/19/black-budget/,Black Budget,5/19/14,Data Pirates of the Caribbean: The NSA is Recording Every Cell Phone Call in the Bahamas,https://firstlook.org/theintercept/article/2014/05/19/data-pirates-caribbean-nsa-recording-every-cell-phone-call-bahamas/,Intercept,"The National Security Agency is secretly intercepting, recording, and archiving the audio of virtually every cell phone conversation on the island nation of the Bahamas. According to documents provided by NSA whistleblower Edward Snowden, the surveillance is part of a top-secret system – code-named SOMALGET – that was implemented without the knowledge or consent of the Bahamian>>",black-budget,1164084
https://firstlook.org/theintercept/document/2014/04/30/lobban-nsa-visit-precis/,Lobban NSA Visit Précis,4/30/14,Prism Olympics,https://firstlook.org/theintercept/article/2014/04/30/gchq-prism-nsa-fisa-unsupervised-access-snowden/,Intercept,Secret documents reveal that British surveillance agency GCHQ coveted the NSA's vast troves of private communications and sought “unsupervised access” to its data as recently as last year.,lobban-nsa-visit-precis,1150433
https://firstlook.org/theintercept/document/2014/04/30/prism-olympic-option/,PRISM Olympic Option,4/30/14,Prism Olympics,https://firstlook.org/theintercept/article/2014/04/30/gchq-prism-nsa-fisa-unsupervised-access-snowden/,Intercept,Secret documents reveal that British surveillance agency GCHQ coveted the NSA's vast troves of private communications and sought “unsupervised access” to its data as recently as last year.,prism-olympic-option,1150434
https://firstlook.org/theintercept/document/2014/04/30/ghostmachine-identifier-lead-triage-echobase,GHOSTMACHINE: Identifier Lead Triage with ECHOBASE,4/30/14,Prism Olympics,https://firstlook.org/theintercept/article/2014/04/30/gchq-prism-nsa-fisa-unsupervised-access-snowden/,Intercept,Secret documents reveal that British surveillance agency GCHQ coveted the NSA's vast troves of private communications and sought “unsupervised access” to its data as recently as last year.,ghostmachine-identifier-lead-triage-with-echobase,1150436
https://firstlook.org/theintercept/document/2014/04/04/full-spectrum-cyber-effects/,Full-Spectrum Cyber Effects,4/4/14,GCHQ Full Spectrum Cyber Effects,https://firstlook.org/theintercept/2014/04/04/cuban-twitter-scam-social-media-tool-disseminating-government-propaganda/,Intercept,"The sham ""Cuban Twitter"" program, along with top secret NSA documents, show how western governments exploit the Internet to manipulate political discourse.",full-spectrum-cyber-effects-final,1102570
https://firstlook.org/theintercept/document/2014/04/04/2009-sigdev-conference/,2009 SigDev Conference,4/4/14,GCHQ Full Spectrum Cyber Effects,https://firstlook.org/theintercept/2014/04/04/cuban-twitter-scam-social-media-tool-disseminating-government-propaganda/,Intercept,"The sham ""Cuban Twitter"" program, along with top secret NSA documents, show how western governments exploit the Internet to manipulate political discourse.",2009-sigdev-conference,1102569
https://firstlook.org/theintercept/document/2014/03/20/hunt-sys-admins/,I Hunt Sys Admins,3/20/14,Targeting System Administrator Accounts to Access Networks,https://firstlook.org/theintercept/article/2014/03/20/inside-nsa-secret-efforts-hunt-hack-system-administrators/,Intercept,"Across the world, people who work as system administrators keep computer networks in order – and this has turned them into unwitting targets of the NSA for simply doing their jobs.",i-hunt-sys-admins,1094387
https://firstlook.org/theintercept/document/2014/03/12/one-way-quantum/,There Is More Than One Way to Quantum,3/20/14,Targeting System Administrator Accounts to Access Networks,https://firstlook.org/theintercept/article/2014/03/20/inside-nsa-secret-efforts-hunt-hack-system-administrators/,Intercept,"Across the world, people who work as system administrators keep computer networks in order – and this has turned them into unwitting targets of the NSA for simply doing their jobs.",there-is-more-than-one-way-to-quantum,1076891
https://firstlook.org/theintercept/document/2014/03/17/nsa-secretly-masqueraded-facebook-hack-computers-surveillance/,Video: How the NSA Secretly Masqueraded as Facebook to Hack Computers for Surveillance,3/20/14,Targeting System Administrator Accounts to Access Networks,https://firstlook.org/theintercept/article/2014/03/20/inside-nsa-secret-efforts-hunt-hack-system-administrators/,Intercept,"Across the world, people who work as system administrators keep computer networks in order – and this has turned them into unwitting targets of the NSA for simply doing their jobs.",,
https://firstlook.org/theintercept/document/2014/03/13/third-party-relationships/ ?Edi,Third Party Relationships,3/13/14,NSA Cooperative Third Party Relationships,https://firstlook.org/theintercept/article/2014/03/13/nsa-elected-officials-foreign-countries-unaware-countries-cooperation-us/,Intercept,A new NSA document sheds new light on what foreign officials know (and don't know) about spying operations in their own countries.,third-party-relationships,1084762
https://firstlook.org/theintercept/document/2014/03/12/thousands-implants/,Thousands of Implants,3/12/14,TURBINE and TURMOIL,https://firstlook.org/theintercept/article/2014/03/12/nsa-plans-infect-millions-computers-malware/,Intercept,The NSA is dramatically expanding its ability to covertly deploy malware on a mass scale.,thousands-of-implants,1077721
https://firstlook.org/theintercept/document/2014/03/12/industrial-scale-exploitation/,Industrial-Scale Exploitation,3/12/14,TURBINE and TURMOIL,https://firstlook.org/theintercept/article/2014/03/12/nsa-plans-infect-millions-computers-malware/,Intercept,The NSA is dramatically expanding its ability to covertly deploy malware on a mass scale.,industry-scale-exploitation,1077724
https://firstlook.org/theintercept/document/2014/03/12/nsa-technology-directorate-analysis-converged-data/,NSA Technology Directorate Analysis of Converged Data,3/12/14,TURBINE and TURMOIL,https://firstlook.org/theintercept/article/2014/03/12/nsa-plans-infect-millions-computers-malware/,Intercept,The NSA is dramatically expanding its ability to covertly deploy malware on a mass scale.,nsa-technology-directorate-analysis-of-converged,1076889
https://firstlook.org/theintercept/document/2014/03/12/nsa-phishing-tactics-man-middle-attacks/,NSA Phishing Tactics and Man in the Middle Attacks,3/12/14,TURBINE and TURMOIL,https://firstlook.org/theintercept/article/2014/03/12/nsa-plans-infect-millions-computers-malware/,Intercept,The NSA is dramatically expanding its ability to covertly deploy malware on a mass scale.,nsa-phishing-tactics-and-man-in-the-middle-attacks,1076859
https://firstlook.org/theintercept/document/2014/03/12/turbine-turmoil/,TURBINE and TURMOIL,3/12/14,TURBINE and TURMOIL,https://firstlook.org/theintercept/article/2014/03/12/nsa-plans-infect-millions-computers-malware/,Intercept,The NSA is dramatically expanding its ability to covertly deploy malware on a mass scale.,turbine-and-turmoil,1076867
https://firstlook.org/theintercept/document/2014/03/12/menwith-hill-station-leverages-xkeyscore-quantum-yahoo-hotmail/,Menwith Hill Station Leverages XKeyscore for Quantum Against Yahoo and Hotmail,3/12/14,TURBINE and TURMOIL,https://firstlook.org/theintercept/article/2014/03/12/nsa-plans-infect-millions-computers-malware/,Intercept,The NSA is dramatically expanding its ability to covertly deploy malware on a mass scale.,menwith-hill-station-leverages-xkeyscore-for,1076903
https://firstlook.org/theintercept/document/2014/03/12/nsa-gchqs-quantumtheory-hacking-tactics/,The NSA and GCHQ’s QUANTUMTHEORY Hacking Tactics,3/12/14,TURBINE and TURMOIL,https://firstlook.org/theintercept/article/2014/03/12/nsa-plans-infect-millions-computers-malware/,Intercept,The NSA is dramatically expanding its ability to covertly deploy malware on a mass scale.,the-nsa-and-gchqs-quantumtheory-hacking-tactics,1076864
https://firstlook.org/theintercept/document/2014/03/12/five-eyes-hacking-large-routers/,Five Eyes Hacking Large Routers,3/12/14,TURBINE and TURMOIL,https://firstlook.org/theintercept/article/2014/03/12/nsa-plans-infect-millions-computers-malware/,Intercept,The NSA is dramatically expanding its ability to covertly deploy malware on a mass scale.,five-eyes-hacking-large-routers,1076902
https://firstlook.org/theintercept/document/2014/03/12/selector-types/,Selector Types,3/12/14,TURBINE and TURMOIL,https://firstlook.org/theintercept/article/2014/03/12/nsa-plans-infect-millions-computers-malware/,Intercept,The NSA is dramatically expanding its ability to covertly deploy malware on a mass scale.,selector-types,1076890
https://firstlook.org/theintercept/document/2014/03/12/vpn-voip-exploitation-hammerchant-hammerstein/,VPN and VOIP Exploitation With HAMMERCHANT and HAMMERSTEIN,3/12/14,TURBINE and TURMOIL,https://firstlook.org/theintercept/article/2014/03/12/nsa-plans-infect-millions-computers-malware/,Intercept,The NSA is dramatically expanding its ability to covertly deploy malware on a mass scale.,vpn-and-voip-exploitation-with-hammerchant-and,1076868
https://firstlook.org/theintercept/document/2014/03/07/silenced-sid/,Silenced in SID,3/7/14,Ask Zelda - The NSA Has An Advice Columnist. Seriously.,https://firstlook.org/theintercept/article/2014/03/07/nsa-advice-columnist-seriously/,Intercept,What if the National Security Agency had its own advice columnist? What would the eavesdroppers ask about?,silenced-in-sid,1059980
https://firstlook.org/theintercept/document/2014/03/07/an-interview-with-zelda/,An Interview with Zelda,3/7/14,Ask Zelda - The NSA Has An Advice Columnist. Seriously.,https://firstlook.org/theintercept/article/2014/03/07/nsa-advice-columnist-seriously/,Intercept,What if the National Security Agency had its own advice columnist? What would the eavesdroppers ask about?,an-interview-with-zelda,1059976
https://firstlook.org/theintercept/document/2014/03/07/bain-de-soleil-bane-nsa/,Is Bain De Soleil a Bane on NSA?,3/7/14,Ask Zelda - The NSA Has An Advice Columnist. Seriously.,https://firstlook.org/theintercept/article/2014/03/07/nsa-advice-columnist-seriously/,Intercept,What if the National Security Agency had its own advice columnist? What would the eavesdroppers ask about?,is-bain-de-soleil-a-bane-on-nsa,1059979
https://firstlook.org/theintercept/document/2014/03/07/guilty-proven-innocent/,Guilty Until Proven Innocent,3/7/14,Ask Zelda - The NSA Has An Advice Columnist. Seriously.,https://firstlook.org/theintercept/article/2014/03/07/nsa-advice-columnist-seriously/,Intercept,What if the National Security Agency had its own advice columnist? What would the eavesdroppers ask about?,guilty-until-proven-innocent,1059978
https://firstlook.org/theintercept/document/2014/02/24/art-deception-training-new-generation-online-covert-operations/,The Art of Deception: Training for a New Generation of Online Covert Operations,2/24/14,Training for Covert Online Operations,https://firstlook.org/theintercept/2014/02/24/jtrig-manipulation/,Intercept,One of the many pressing stories that remains to be told from the Snowden archive is how western intelligence agencies are attempting to manipulate and control online discourse with extreme tactics of deception and reputation-destruction. ,the-art-of-deception-training-for-a-new,1021430
https://firstlook.org/theintercept/document/2014/02/18/psychology-new-kind-sigdev/,Psychology: A New Kind of SIGDEV,2/18/14,GCHQ SIGDEV,https://firstlook.org/theintercept/article/2014/02/18/snowden-docs-reveal-covert-surveillance-and-pressure-tactics-aimed-at-wikileaks-and-its-supporters/,Intercept,Top-secret documents from the National Security Agency and its British counterpart reveal for the first time how the governments of the United States and the United Kingdom targeted WikiLeaks and other activist groups with tactics ranging from covert surveillance to prosecution.,psychology-a-new-kind-of-sigdev,1019236
https://firstlook.org/theintercept/document/2014/02/18/discovery-sigint-targeting-scenarios-compliance/,Discovery SIGINT Targeting Scenarios and Compliance,2/18/14,GCHQ SIGDEV,https://firstlook.org/theintercept/article/2014/02/18/snowden-docs-reveal-covert-surveillance-and-pressure-tactics-aimed-at-wikileaks-and-its-supporters/,Intercept,Top-secret documents from the National Security Agency and its British counterpart reveal for the first time how the governments of the United States and the United Kingdom targeted WikiLeaks and other activist groups with tactics ranging from covert surveillance to prosecution.,discovery-sigint-targeting-scenarios-and,1019062
