file_url,title,date,article_title,article_url,publication,description,script,divID
https://firstlook.org/theintercept/document/2014/12/13/gchq-automated-noc-detection-2011/,GCHQ – Automated NOC detection (2011),12/13/14,Operation Socialist: The Inside Story of How British Spies Hacked Belgium's Largest Telco,https://firstlook.org/theintercept/2014/12/13/belgacom-hack-gchq-inside-story/,Intercept,The British government infected Belgacom with among the most advanced malware ever seen.,"[<script>
                      DV.load('https://www.documentcloud.org/documents/1379029-gchq-automated-noc-detection.js', {
                          width: '100%',
                          height: '450',
                          sidebar: false,
                          container: '#dcv-1379029-gchq-automated-noc-detection'
                      });
                    </script>]",dcv-1379029-gchq-automated-noc-detection
https://firstlook.org/theintercept/document/2014/12/13/gchq-making-network-sense-encryption-problem-2011/,GCHQ – Making network sense of the encryption problem (2011),12/13/14,Operation Socialist: The Inside Story of How British Spies Hacked Belgium's Largest Telco,https://firstlook.org/theintercept/2014/12/13/belgacom-hack-gchq-inside-story/,Intercept,The British government infected Belgacom with among the most advanced malware ever seen.,"[<script>
                      DV.load('https://www.documentcloud.org/documents/1379027-gchq-making-network-sense-of-the-encryption.js', {
                          width: '100%',
                          height: '450',
                          sidebar: false,
                          container: '#dcv-1379027-gchq-making-network-sense-of-the-encryption'
                      });
                    </script>]",dcv-1379027-gchq-making-network-sense-of-the-encryption
https://firstlook.org/theintercept/document/2014/03/12/quantum-insert-diagrams/,Quantum Insert Diagrams,12/13/14,Operation Socialist: The Inside Story of How British Spies Hacked Belgium's Largest Telco,https://firstlook.org/theintercept/2014/12/13/belgacom-hack-gchq-inside-story/,Intercept,The British government infected Belgacom with among the most advanced malware ever seen.,"[<script>
                      DV.load('https://www.documentcloud.org/documents/1076862-quantum-insert-diagrams.js', {
                          width: '100%',
                          height: '450',
                          sidebar: false,
                          container: '#dcv-1076862-quantum-insert-diagrams'
                      });
                    </script>]",dcv-1076862-quantum-insert-diagrams
https://firstlook.org/theintercept/document/2014/12/13/gchq-mobile-networks-noc-world/,GCHQ – Mobile Networks in My NOC World (2011),12/13/14,Operation Socialist: The Inside Story of How British Spies Hacked Belgium's Largest Telco,https://firstlook.org/theintercept/2014/12/13/belgacom-hack-gchq-inside-story/,Intercept,The British government infected Belgacom with among the most advanced malware ever seen.,"[<script>
                      DV.load('https://www.documentcloud.org/documents/1379028-gchq-mobile-networks-in-my-noc-world.js', {
                          width: '100%',
                          height: '450',
                          sidebar: false,
                          container: '#dcv-1379028-gchq-mobile-networks-in-my-noc-world'
                      });
                    </script>]",dcv-1379028-gchq-mobile-networks-in-my-noc-world
https://firstlook.org/theintercept/document/2014/12/13/gchq-stargate-cne-requirements/,GCHQ  – Stargate CNE requirements,12/13/14,Operation Socialist: The Inside Story of How British Spies Hacked Belgium's Largest Telco,https://firstlook.org/theintercept/2014/12/13/belgacom-hack-gchq-inside-story/,Intercept,The British government infected Belgacom with among the most advanced malware ever seen.,"[<script>
                      DV.load('https://www.documentcloud.org/documents/1379026-gchq-stargate-cne-requirements.js', {
                          width: '100%',
                          height: '450',
                          sidebar: false,
                          container: '#dcv-1379026-gchq-stargate-cne-requirements'
                      });
                    </script>]",dcv-1379026-gchq-stargate-cne-requirements
https://firstlook.org/theintercept/document/2014/12/13/gchq-nac-review-october-december-2011/,GCHQ NAC review – October to December (2011),12/13/14,Operation Socialist: The Inside Story of How British Spies Hacked Belgium's Largest Telco,https://firstlook.org/theintercept/2014/12/13/belgacom-hack-gchq-inside-story/,Intercept,The British government infected Belgacom with among the most advanced malware ever seen.,"[<script>
                      DV.load('https://www.documentcloud.org/documents/1379048-gchq-nac-review-october-december-2011.js', {
                          width: '100%',
                          height: '450',
                          sidebar: false,
                          container: '#dcv-1379048-gchq-nac-review-october-december-2011'
                      });
                    </script>]",dcv-1379048-gchq-nac-review-october-december-2011
https://firstlook.org/theintercept/document/2014/12/13/gchq-nac-business-review-january-march-2011/,GCHQ NAC review – January to March (2011),12/13/14,Operation Socialist: The Inside Story of How British Spies Hacked Belgium's Largest Telco,https://firstlook.org/theintercept/2014/12/13/belgacom-hack-gchq-inside-story/,Intercept,The British government infected Belgacom with among the most advanced malware ever seen.,"[<script>
                      DV.load('https://www.documentcloud.org/documents/1379049-gchq-nac-business-review-january-march-2011.js', {
                          width: '100%',
                          height: '450',
                          sidebar: false,
                          container: '#dcv-1379049-gchq-nac-business-review-january-march-2011'
                      });
                    </script>]",dcv-1379049-gchq-nac-business-review-january-march-2011
https://firstlook.org/theintercept/document/2014/12/13/gchq-nac-review-april-june-2011/,GCHQ NAC review – April to June (2011),12/13/14,Operation Socialist: The Inside Story of How British Spies Hacked Belgium's Largest Telco,https://firstlook.org/theintercept/2014/12/13/belgacom-hack-gchq-inside-story/,Intercept,The British government infected Belgacom with among the most advanced malware ever seen.,"[<script>
                      DV.load('https://www.documentcloud.org/documents/1379050-gchq-nac-review-april-june-2011.js', {
                          width: '100%',
                          height: '450',
                          sidebar: false,
                          container: '#dcv-1379050-gchq-nac-review-april-june-2011'
                      });
                    </script>]",dcv-1379050-gchq-nac-review-april-june-2011
https://firstlook.org/theintercept/document/2014/12/13/gchq-nac-review-july-september-2011/,GCHQ NAC review – July to September (2011),12/13/14,Operation Socialist: The Inside Story of How British Spies Hacked Belgium's Largest Telco,https://firstlook.org/theintercept/2014/12/13/belgacom-hack-gchq-inside-story/,Intercept,The British government infected Belgacom with among the most advanced malware ever seen.,"[<script>
                      DV.load('https://www.documentcloud.org/documents/1379052-gchq-nac-review-july-sept-2011.js', {
                          width: '100%',
                          height: '450',
                          sidebar: false,
                          container: '#dcv-1379052-gchq-nac-review-july-sept-2011'
                      });
                    </script>]",dcv-1379052-gchq-nac-review-july-sept-2011
https://firstlook.org/theintercept/document/2014/12/13/gchq-nac-review-january-march-2012/,GCHQ NAC review – January to March (2012),12/13/14,Operation Socialist: The Inside Story of How British Spies Hacked Belgium's Largest Telco,https://firstlook.org/theintercept/2014/12/13/belgacom-hack-gchq-inside-story/,Intercept,The British government infected Belgacom with among the most advanced malware ever seen.,"[<script>
                      DV.load('https://www.documentcloud.org/documents/1379053-gchq-nac-review-january-march-2012.js', {
                          width: '100%',
                          height: '450',
                          sidebar: false,
                          container: '#dcv-1379053-gchq-nac-review-january-march-2012'
                      });
                    </script>]",dcv-1379053-gchq-nac-review-january-march-2012
https://firstlook.org/theintercept/document/2014/12/13/hopscotch/,Hopscotch,12/13/14,Operation Socialist: The Inside Story of How British Spies Hacked Belgium's Largest Telco,https://firstlook.org/theintercept/2014/12/13/belgacom-hack-gchq-inside-story/,Intercept,The British government infected Belgacom with among the most advanced malware ever seen.,"[<script>
                      DV.load('https://www.documentcloud.org/documents/1379058-gchq-hopscotch.js', {
                          width: '100%',
                          height: '450',
                          sidebar: false,
                          container: '#dcv-1379058-gchq-hopscotch'
                      });
                    </script>]",dcv-1379058-gchq-hopscotch
https://firstlook.org/theintercept/document/2014/12/13/gchq-belgacom-connections/,GCHQ – Belgacom connections,12/13/14,Operation Socialist: The Inside Story of How British Spies Hacked Belgium's Largest Telco,https://firstlook.org/theintercept/2014/12/13/belgacom-hack-gchq-inside-story/,Intercept,The British government infected Belgacom with among the most advanced malware ever seen.,"[<script>
                      DV.load('https://www.documentcloud.org/documents/1379059-gchq-belgacom-connections.js', {
                          width: '100%',
                          height: '450',
                          sidebar: false,
                          container: '#dcv-1379059-gchq-belgacom-connections'
                      });
                    </script>]",dcv-1379059-gchq-belgacom-connections
https://firstlook.org/theintercept/document/2014/12/04/auroragold-working-group/,AURORAGOLD Working Group,12/4/14,Operation AURORAGOLD: How the NSA Hacks Cellphone Networks Worldwide,https://firstlook.org/theintercept/2014/12/04/nsa-auroragold-hack-cellphones/,Intercept,The NSA has spied on hundreds of companies and organizations to find security flaws in cellphone technology that it can secretly exploit for surveillance.,"[<script>
                      DV.load('https://www.documentcloud.org/documents/1374178-auroragold-working-group.js', {
                          width: '100%',
                          height: '450',
                          sidebar: false,
                          container: '#dcv-1374178-auroragold-working-group'
                      });
                    </script>]",dcv-1374178-auroragold-working-group
https://firstlook.org/theintercept/document/2014/12/04/auroragold-working-aid,AURORAGOLD working aid,12/4/14,Operation AURORAGOLD: How the NSA Hacks Cellphone Networks Worldwide,https://firstlook.org/theintercept/2014/12/04/nsa-auroragold-hack-cellphones/,Intercept,The NSA has spied on hundreds of companies and organizations to find security flaws in cellphone technology that it can secretly exploit for surveillance.,"[<script>
                      DV.load('https://www.documentcloud.org/documents/1374177-auroragold-working-aid.js', {
                          width: '100%',
                          height: '450',
                          sidebar: false,
                          container: '#dcv-1374177-auroragold-working-aid'
                      });
                    </script>]",dcv-1374177-auroragold-working-aid
https://firstlook.org/theintercept/document/2014/12/04/ir-21-technology-warning-mechanism,IR.21 – A Technology Warning Mechanism,12/4/14,Operation AURORAGOLD: How the NSA Hacks Cellphone Networks Worldwide,https://firstlook.org/theintercept/2014/12/04/nsa-auroragold-hack-cellphones/,Intercept,The NSA has spied on hundreds of companies and organizations to find security flaws in cellphone technology that it can secretly exploit for surveillance.,"[<script>
                      DV.load('https://www.documentcloud.org/documents/1374179-ir21-a-technology-warning-mechanism.js', {
                          width: '100%',
                          height: '450',
                          sidebar: false,
                          container: '#dcv-1374179-ir21-a-technology-warning-mechanism'
                      });
                    </script>]",dcv-1374179-ir21-a-technology-warning-mechanism
https://firstlook.org/theintercept/document/2014/12/04/opulent-pup-encryption-attack,OPULENT PUP encryption attack,12/4/14,Operation AURORAGOLD: How the NSA Hacks Cellphone Networks Worldwide,https://firstlook.org/theintercept/2014/12/04/nsa-auroragold-hack-cellphones/,Intercept,The NSA has spied on hundreds of companies and organizations to find security flaws in cellphone technology that it can secretly exploit for surveillance.,"[<script>
                      DV.load('https://www.documentcloud.org/documents/1374188-opulant-pup-encryption-attack.js', {
                          width: '100%',
                          height: '450',
                          sidebar: false,
                          container: '#dcv-1374188-opulant-pup-encryption-attack'
                      });
                    </script>]",dcv-1374188-opulant-pup-encryption-attack
https://firstlook.org/theintercept/document/2014/12/04/wolframite-encryption-attack,WOLFRAMITE encryption attack,12/4/14,Operation AURORAGOLD: How the NSA Hacks Cellphone Networks Worldwide,https://firstlook.org/theintercept/2014/12/04/nsa-auroragold-hack-cellphones/,Intercept,The NSA has spied on hundreds of companies and organizations to find security flaws in cellphone technology that it can secretly exploit for surveillance.,"[<script>
                      DV.load('https://www.documentcloud.org/documents/1374189-wolframite-encryption-attack.js', {
                          width: '100%',
                          height: '450',
                          sidebar: false,
                          container: '#dcv-1374189-wolframite-encryption-attack'
                      });
                    </script>]",dcv-1374189-wolframite-encryption-attack
https://firstlook.org/theintercept/document/2014/12/04/first-ever-collect-high-interest-4g-cellular-signal,NSA First-Ever Collect of High-Interest 4G Cellular Signal,12/4/14,Operation AURORAGOLD: How the NSA Hacks Cellphone Networks Worldwide,https://firstlook.org/theintercept/2014/12/04/nsa-auroragold-hack-cellphones/,Intercept,The NSA has spied on hundreds of companies and organizations to find security flaws in cellphone technology that it can secretly exploit for surveillance.,"[<script>
                      DV.load('https://www.documentcloud.org/documents/1374180-site-makes-first-ever-collect-of-high-interest.js', {
                          width: '100%',
                          height: '450',
                          sidebar: false,
                          container: '#dcv-1374180-site-makes-first-ever-collect-of-high-interest'
                      });
                    </script>]",dcv-1374180-site-makes-first-ever-collect-of-high-interest
https://firstlook.org/theintercept/document/2014/12/04/auroragold-project-overview,AURORAGOLD project overview (2011),12/4/14,Operation AURORAGOLD: How the NSA Hacks Cellphone Networks Worldwide,https://firstlook.org/theintercept/2014/12/04/nsa-auroragold-hack-cellphones/,Intercept,The NSA has spied on hundreds of companies and organizations to find security flaws in cellphone technology that it can secretly exploit for surveillance.,"[<script>
                      DV.load('https://www.documentcloud.org/documents/1374175-auroragold-project-overview.js', {
                          width: '100%',
                          height: '450',
                          sidebar: false,
                          container: '#dcv-1374175-auroragold-project-overview'
                      });
                    </script>]",dcv-1374175-auroragold-project-overview
https://firstlook.org/theintercept/document/2014/12/04/auroragold-target-technology-trends-center-support-wpmo,AURORAGOLD – Target Technology Trends Center support to WPMO (2011),12/4/14,Operation AURORAGOLD: How the NSA Hacks Cellphone Networks Worldwide,https://firstlook.org/theintercept/2014/12/04/nsa-auroragold-hack-cellphones/,Intercept,The NSA has spied on hundreds of companies and organizations to find security flaws in cellphone technology that it can secretly exploit for surveillance.,"[<script>
                      DV.load('https://www.documentcloud.org/documents/1374176-auroragold-target-technology-trends-center.js', {
                          width: '100%',
                          height: '450',
                          sidebar: false,
                          container: '#dcv-1374176-auroragold-target-technology-trends-center'
                      });
                    </script>]",dcv-1374176-auroragold-target-technology-trends-center
https://firstlook.org/theintercept/document/2014/12/04/nsa-gchq-csec-network-tradecraft-advancement-team,NSA/GCHQ/CSEC Network Tradecraft Advancement Team (2010),12/4/14,Operation AURORAGOLD: How the NSA Hacks Cellphone Networks Worldwide,https://firstlook.org/theintercept/2014/12/04/nsa-auroragold-hack-cellphones/,Intercept,The NSA has spied on hundreds of companies and organizations to find security flaws in cellphone technology that it can secretly exploit for surveillance.,"[<script>
                      DV.load('https://www.documentcloud.org/documents/1374191-gchq-nsa-csec-network-tradecraft-advancement-team.js', {
                          width: '100%',
                          height: '450',
                          sidebar: false,
                          container: '#dcv-1374191-gchq-nsa-csec-network-tradecraft-advancement-team'
                      });
                    </script>]",dcv-1374191-gchq-nsa-csec-network-tradecraft-advancement-team
https://firstlook.org/theintercept/document/2014/10/10/national-initiative-protection-program-sentry-eagle/,National Initiative Protection Program — Sentry Eagle,10/10/14,Core Secrets: NSA Saboteurs in China and Germany,https://firstlook.org/theintercept/2014/10/10/core-secrets/,Intercept," NSA agents use “physical subversion” to infiltrate networks and devices, documents show.","[<script>
                      DV.load('https://www.documentcloud.org/documents/1312019-national-initiative-nsacss-core-secrets.js', {
                          width: '100%',
                          height: '450',
                          sidebar: false,
                          container: '#dcv-1312019-national-initiative-nsacss-core-secrets'
                      });
                    </script>]",dcv-1312019-national-initiative-nsacss-core-secrets
https://firstlook.org/theintercept/document/2014/10/10/target-exploitation-classification-guide/,Target Exploitation Classification Guide,10/10/14,Core Secrets: NSA Saboteurs in China and Germany,https://firstlook.org/theintercept/2014/10/10/core-secrets/,Intercept," NSA agents use “physical subversion” to infiltrate networks and devices, documents show.","[<script>
                      DV.load('https://www.documentcloud.org/documents/1312020-tarex-class-guide.js', {
                          width: '100%',
                          height: '450',
                          sidebar: false,
                          container: '#dcv-1312020-tarex-class-guide'
                      });
                    </script>]",dcv-1312020-tarex-class-guide
https://firstlook.org/theintercept/document/2014/10/10/computer-network-exploitation-classification-guide/,Computer Network Exploitation Classification Guide,10/10/14,Core Secrets: NSA Saboteurs in China and Germany,https://firstlook.org/theintercept/2014/10/10/core-secrets/,Intercept," NSA agents use “physical subversion” to infiltrate networks and devices, documents show.","[<script>
                      DV.load('https://www.documentcloud.org/documents/1312012-cne-declass-guide.js', {
                          width: '100%',
                          height: '450',
                          sidebar: false,
                          container: '#dcv-1312012-cne-declass-guide'
                      });
                    </script>]",dcv-1312012-cne-declass-guide
https://firstlook.org/theintercept/document/2014/10/10/nsa-exceptionally-controlled-information-listing-12-september-2003/,"NSA Exceptionally Controlled Information Listing, 12 September 2003",10/10/14,Core Secrets: NSA Saboteurs in China and Germany,https://firstlook.org/theintercept/2014/10/10/core-secrets/,Intercept," NSA agents use “physical subversion” to infiltrate networks and devices, documents show.","[<script>
                      DV.load('https://www.documentcloud.org/documents/1312018-file3057546454184113062.js', {
                          width: '100%',
                          height: '450',
                          sidebar: false,
                          container: '#dcv-1312018-file3057546454184113062'
                      });
                    </script>]",dcv-1312018-file3057546454184113062
https://firstlook.org/theintercept/document/2014/10/10/eci-whipgenie-classification-guide/,ECI WHIPGENIE Classification Guide,10/10/14,Core Secrets: NSA Saboteurs in China and Germany,https://firstlook.org/theintercept/2014/10/10/core-secrets/,Intercept," NSA agents use “physical subversion” to infiltrate networks and devices, documents show.","[<script>
                      DV.load('https://www.documentcloud.org/documents/1312021-whipgenie-classification-guide25jan05.js', {
                          width: '100%',
                          height: '450',
                          sidebar: false,
                          container: '#dcv-1312021-whipgenie-classification-guide25jan05'
                      });
                    </script>]",dcv-1312021-whipgenie-classification-guide25jan05
https://firstlook.org/theintercept/document/2014/10/10/nsa-classification-guide-eci-pawleys/,NSA Classification Guide for ECI Pawleys,10/10/14,Core Secrets: NSA Saboteurs in China and Germany,https://firstlook.org/theintercept/2014/10/10/core-secrets/,Intercept," NSA agents use “physical subversion” to infiltrate networks and devices, documents show.","[<script>
                      DV.load('https://www.documentcloud.org/documents/1312017-eci-pawleys-class-guide.js', {
                          width: '100%',
                          height: '450',
                          sidebar: false,
                          container: '#dcv-1312017-eci-pawleys-class-guide'
                      });
                    </script>]",dcv-1312017-eci-pawleys-class-guide
https://firstlook.org/theintercept/document/2014/10/10/eci-control-authorities/,Exceptionally Controlled Information Compartments,10/10/14,Core Secrets: NSA Saboteurs in China and Germany,https://firstlook.org/theintercept/2014/10/10/core-secrets/,Intercept," NSA agents use “physical subversion” to infiltrate networks and devices, documents show.","[<script>
                      DV.load('https://www.documentcloud.org/documents/1312016-eci-control-authorities.js', {
                          width: '100%',
                          height: '450',
                          sidebar: false,
                          container: '#dcv-1312016-eci-control-authorities'
                      });
                    </script>]",dcv-1312016-eci-control-authorities
https://firstlook.org/theintercept/document/2014/10/10/cno-core-secrets/,CNO Core Secrets Slide Slices,10/10/14,Core Secrets: NSA Saboteurs in China and Germany,https://firstlook.org/theintercept/2014/10/10/core-secrets/,Intercept," NSA agents use “physical subversion” to infiltrate networks and devices, documents show.","[<script>
                      DV.load('https://www.documentcloud.org/documents/1312014-cno-core-secrets-slide-slices-14-june-06.js', {
                          width: '100%',
                          height: '450',
                          sidebar: false,
                          container: '#dcv-1312014-cno-core-secrets-slide-slices-14-june-06'
                      });
                    </script>]",dcv-1312014-cno-core-secrets-slide-slices-14-june-06
https://firstlook.org/theintercept/document/2014/10/10/cno-core-secrets-security-structure/,CNO Core Secrets Security Structure,10/10/14,Core Secrets: NSA Saboteurs in China and Germany,https://firstlook.org/theintercept/2014/10/10/core-secrets/,Intercept," NSA agents use “physical subversion” to infiltrate networks and devices, documents show.","[<script>
                      DV.load('https://www.documentcloud.org/documents/1312013-cno-core-secrets-security-structure-23-june-06.js', {
                          width: '100%',
                          height: '450',
                          sidebar: false,
                          container: '#dcv-1312013-cno-core-secrets-security-structure-23-june-06'
                      });
                    </script>]",dcv-1312013-cno-core-secrets-security-structure-23-june-06
https://firstlook.org/theintercept/document/2014/10/10/cno-core-secrets-2/,CNO Core Secrets,10/10/14,Core Secrets: NSA Saboteurs in China and Germany,https://firstlook.org/theintercept/2014/10/10/core-secrets/,Intercept," NSA agents use “physical subversion” to infiltrate networks and devices, documents show.","[<script>
                      DV.load('https://www.documentcloud.org/documents/1312015-cno-core-secrets.js', {
                          width: '100%',
                          height: '450',
                          sidebar: false,
                          container: '#dcv-1312015-cno-core-secrets'
                      });
                    </script>]",dcv-1312015-cno-core-secrets
https://firstlook.org/theintercept/document/2014/09/15/new-zealand-visit-precis/,New Zealand Visit Precis,9/15/14,Treasure Map Announces a New Release,https://firstlook.org/theintercept/2014/09/15/new-zealand-gcsb-speargun-mass-surveillance/,Intercept,"New Zealand began work on a program to intercept citizens' metadata, according to NSA documents.","[<script>
                      DV.load('https://www.documentcloud.org/documents/1301562-ferguson-nsa-visit-precis.js', {
                          width: '100%',
                          height: '450',
                          sidebar: false,
                          container: '#dcv-1301562-ferguson-nsa-visit-precis'
                      });
                    </script>]",dcv-1301562-ferguson-nsa-visit-precis
https://firstlook.org/theintercept/document/2014/08/25/cia-colleagues-enthusiastically-welcome-nsa-training,CIA Colleagues Enthusiastically Welcome NSA Training,8/25/14,The Surveillance Engine: How the NSA Built Its Own Secret Google,https://firstlook.org/theintercept/article/2014/08/25/icreach-nsa-cia-secret-google-crisscross-proton,Intercept,The NSA is secretly using a Google-like tool to share its vast pools of surveillance data with law enforcement agencies.,"[<script>
                      DV.load('https://www.documentcloud.org/documents/1278878-cia-colleagues-enthusiastically-welcome-nsa.js', {
                          width: '100%',
                          height: '450',
                          sidebar: false,
                          container: '#dcv-1278878-cia-colleagues-enthusiastically-welcome-nsa'
                      });
                    </script>]",dcv-1278878-cia-colleagues-enthusiastically-welcome-nsa
https://firstlook.org/theintercept/document/2014/08/25/sharing-communications-metadata-across-u-s-intelligence-community,Sharing Communications Metadata Across the U.S. Intelligence Community,8/25/14,The Surveillance Engine: How the NSA Built Its Own Secret Google,https://firstlook.org/theintercept/article/2014/08/25/icreach-nsa-cia-secret-google-crisscross-proton,Intercept,The NSA is secretly using a Google-like tool to share its vast pools of surveillance data with law enforcement agencies.,"[<script>
                      DV.load('https://www.documentcloud.org/documents/1278905-sharing-communications-metadata-across-the-u-s.js', {
                          width: '100%',
                          height: '450',
                          sidebar: false,
                          container: '#dcv-1278905-sharing-communications-metadata-across-the-u-s'
                      });
                    </script>]",dcv-1278905-sharing-communications-metadata-across-the-u-s
https://firstlook.org/theintercept/document/2014/08/25/icreach-wholesale-sharing-2007,ICREACH Wholesale Sharing (2007),8/25/14,The Surveillance Engine: How the NSA Built Its Own Secret Google,https://firstlook.org/theintercept/article/2014/08/25/icreach-nsa-cia-secret-google-crisscross-proton,Intercept,The NSA is secretly using a Google-like tool to share its vast pools of surveillance data with law enforcement agencies.,"[<script>
                      DV.load('https://www.documentcloud.org/documents/1278913-icreach-wholesale-sharing.js', {
                          width: '100%',
                          height: '450',
                          sidebar: false,
                          container: '#dcv-1278913-icreach-wholesale-sharing'
                      });
                    </script>]",dcv-1278913-icreach-wholesale-sharing
https://firstlook.org/theintercept/document/2014/08/25/decision-memorandum-dni-icreach,Decision Memorandum for the DNI on ICREACH,8/25/14,The Surveillance Engine: How the NSA Built Its Own Secret Google,https://firstlook.org/theintercept/article/2014/08/25/icreach-nsa-cia-secret-google-crisscross-proton,Intercept,The NSA is secretly using a Google-like tool to share its vast pools of surveillance data with law enforcement agencies.,"[<script>
                      DV.load('https://www.documentcloud.org/documents/1278888-decision-memorandum-for-dni-on-icreach.js', {
                          width: '100%',
                          height: '450',
                          sidebar: false,
                          container: '#dcv-1278888-decision-memorandum-for-dni-on-icreach'
                      });
                    </script>]",dcv-1278888-decision-memorandum-for-dni-on-icreach
https://firstlook.org/theintercept/document/2014/08/25/metadata-sharing-memorandum-2005,Metadata Sharing Memorandum (2005),8/25/14,The Surveillance Engine: How the NSA Built Its Own Secret Google,https://firstlook.org/theintercept/article/2014/08/25/icreach-nsa-cia-secret-google-crisscross-proton,Intercept,The NSA is secretly using a Google-like tool to share its vast pools of surveillance data with law enforcement agencies.,"[<script>
                      DV.load('https://www.documentcloud.org/documents/1278900-metadata-sharing-memorandum.js', {
                          width: '100%',
                          height: '450',
                          sidebar: false,
                          container: '#dcv-1278900-metadata-sharing-memorandum'
                      });
                    </script>]",dcv-1278900-metadata-sharing-memorandum
https://firstlook.org/theintercept/document/2014/08/25/crisscross-proton-point-paper,CRISSCROSS/PROTON Point Paper,8/25/14,The Surveillance Engine: How the NSA Built Its Own Secret Google,https://firstlook.org/theintercept/article/2014/08/25/icreach-nsa-cia-secret-google-crisscross-proton,Intercept,The NSA is secretly using a Google-like tool to share its vast pools of surveillance data with law enforcement agencies.,"[<script>
                      DV.load('https://www.documentcloud.org/documents/1278885-crisscross-proton-point-paper.js', {
                          width: '100%',
                          height: '450',
                          sidebar: false,
                          container: '#dcv-1278885-crisscross-proton-point-paper'
                      });
                    </script>]",dcv-1278885-crisscross-proton-point-paper
https://firstlook.org/theintercept/document/2014/08/25/black-budget-extracts,Black Budget Extracts,8/25/14,The Surveillance Engine: How the NSA Built Its Own Secret Google,https://firstlook.org/theintercept/article/2014/08/25/icreach-nsa-cia-secret-google-crisscross-proton,Intercept,The NSA is secretly using a Google-like tool to share its vast pools of surveillance data with law enforcement agencies.,"[<script>
                      DV.load('https://www.documentcloud.org/documents/1278912-icreach-black-budget-extract.js', {
                          width: '100%',
                          height: '450',
                          sidebar: false,
                          container: '#dcv-1278912-icreach-black-budget-extract'
                      });
                    </script>]",dcv-1278912-icreach-black-budget-extract
https://firstlook.org/theintercept/document/2014/08/25/sharing-sigint-metadata-icreach,Sharing SIGINT metadata on ICREACH,8/25/14,The Surveillance Engine: How the NSA Built Its Own Secret Google,https://firstlook.org/theintercept/article/2014/08/25/icreach-nsa-cia-secret-google-crisscross-proton,Intercept,The NSA is secretly using a Google-like tool to share its vast pools of surveillance data with law enforcement agencies.,"[<script>
                      DV.load('https://www.documentcloud.org/documents/1278904-sharing-sigint-metadata-on-icreach.js', {
                          width: '100%',
                          height: '450',
                          sidebar: false,
                          container: '#dcv-1278904-sharing-sigint-metadata-on-icreach'
                      });
                    </script>]",dcv-1278904-sharing-sigint-metadata-on-icreach
https://firstlook.org/theintercept/document/2014/08/25/metadata-policy-conference,Metadata Policy Conference (2008),8/25/14,The Surveillance Engine: How the NSA Built Its Own Secret Google,https://firstlook.org/theintercept/article/2014/08/25/icreach-nsa-cia-secret-google-crisscross-proton,Intercept,The NSA is secretly using a Google-like tool to share its vast pools of surveillance data with law enforcement agencies.,"[<script>
                      DV.load('https://www.documentcloud.org/documents/1278896-metadata-policy-conference-1.js', {
                          width: '100%',
                          height: '450',
                          sidebar: false,
                          container: '#dcv-1278896-metadata-policy-conference-1'
                      });
                    </script>]",dcv-1278896-metadata-policy-conference-1
https://firstlook.org/theintercept/document/2014/08/12/gchq-covert-mobile-phones-policy/,GCHQ Covert Mobile Phones Policy,8/5/14,GCHQ Covert Mobile Phones Policy,https://firstlook.org/theintercept/2014/08/12/nprs-dina-temple-raston-passed-cia-funded-nsa-contractor-independent-fear-monger-snowden-reporting/,Intercept,"On August 1, NPR’s Morning Edition broadcast a story by NPR national security reporter Dina Temple-Raston touting explosive claims from what she called “a tech firm based in Cambridge, Massachusetts.” That firm, Recorded Future, worked together with “a cyber expert, Mario Vuksan, the CEO of ReversingLabs,” to produce a new report that purported to vindicate the repeated>>","[<script>
                      DV.load('https://www.documentcloud.org/documents/1273603-gchq-covert-mobile-phones-policy.js', {
                          width: '100%',
                          height: '450',
                          sidebar: false,
                          container: '#dcv-1273603-gchq-covert-mobile-phones-policy'
                      });
                    </script>]",dcv-1273603-gchq-covert-mobile-phones-policy
https://firstlook.org/theintercept/document/2014/08/05/directorate-terrorist-identities-dti-strategic-accomplishments-2013/,Directorate of Terrorist Identities (DTI) Strategic Accomplishments 2013,8/3/14,Directorate of Terrorist Identities (DTI) Strategic Accomplishments 2013,https://firstlook.org/theintercept/article/2014/08/05/watch-commander/,Intercept,"Nearly half of the people on the U.S. government’s widely shared database of terrorist suspects are not connected to any known terrorist group, according to classified government documents obtained by The Intercept. Of the 680,000 people caught up in the government’s Terrorist Screening Database—a watchlist of “known or suspected terrorists” that is shared with local>>","[<script>
                      DV.load('https://www.documentcloud.org/documents/1262305-dti-strategic-accomplishments-2013.js', {
                          width: '100%',
                          height: '750',
                          sidebar: false,
                          container: '#dcv-1262305-dti-strategic-accomplishments-2013'
                      });
                    </script>]",dcv-1262305-dti-strategic-accomplishments-2013
https://firstlook.org/theintercept/document/2014/08/03/nsa-intelligence-relationship-israel,NSA Intelligence Relationship with Israel,8/3/14,Israel-US 1999 Agreement,https://firstlook.org/theintercept/2014/08/04/cash-weapons-surveillance/,Intercept,"The U.S. government has long lavished overwhelming aid on Israel, providing cash, weapons and surveillance technology that play a crucial role in Israel’s attacks on its neighbors. But top secret documents provided by NSA whistleblower Edward Snowden shed substantial new light on how the U.S. and its partners directly enable Israel’s military assaults – such as>>","[<script>
                      DV.load('https://www.documentcloud.org/documents/1240002-nsa-intelligence-relationship-with-israel-april.js', {
                          width: '100%',
                          height: '450',
                          sidebar: false,
                          container: '#dcv-1240002-nsa-intelligence-relationship-with-israel-april'
                      });
                    </script>]",dcv-1240002-nsa-intelligence-relationship-with-israel-april
https://firstlook.org/theintercept/document/2014/08/03/israel-us-1999-agreement/,Israel-US 1999 Agreement,8/3/14,Israel-US 1999 Agreement,https://firstlook.org/theintercept/2014/08/04/cash-weapons-surveillance/,Intercept,"The U.S. government has long lavished overwhelming aid on Israel, providing cash, weapons and surveillance technology that play a crucial role in Israel’s attacks on its neighbors. But top secret documents provided by NSA whistleblower Edward Snowden shed substantial new light on how the U.S. and its partners directly enable Israel’s military assaults – such as>>","[<script>
                      DV.load('https://www.documentcloud.org/documents/1240001-israel-us-1999-agreement.js', {
                          width: '100%',
                          height: '450',
                          sidebar: false,
                          container: '#dcv-1240001-israel-us-1999-agreement'
                      });
                    </script>]",dcv-1240001-israel-us-1999-agreement
https://firstlook.org/theintercept/document/2014/07/25/saudi-arabia-information-paper/,Saudi Arabia Information Paper,7/23/14,Saudi Arabia Information Paper,https://firstlook.org/theintercept/2014/07/25/nsas-new-partner-spying-saudi-arabias-brutal-state-police/,Intercept,"The National Security Agency last year significantly expanded its cooperative relationship with the Saudi Ministry of Interior, one of the world’s most repressive and abusive government agencies. An April 2013 top secret memo provided by NSA whistleblower Edward Snowden details the agency’s plans “to provide direct analytic and technical support” to the Saudis on “internal>>","[<script>
                      DV.load('https://www.documentcloud.org/documents/1236112-saudi-arabia-information-paper.js', {
                          width: '100%',
                          height: '450',
                          sidebar: false,
                          container: '#dcv-1236112-saudi-arabia-information-paper'
                      });
                    </script>]",dcv-1236112-saudi-arabia-information-paper
https://firstlook.org/theintercept/document/2014/07/14/jtrig-tools-techniques/,JTRIG Tools and Techniques,7/14/14,GCHQ's Joint Threat Research Intelligence Group,https://firstlook.org/theintercept/2014/07/14/manipulating-online-polls-ways-british-spies-seek-control-internet/,Intercept,"The secretive British spy agency GCHQ has developed covert tools to seed the internet with false information, including the ability to manipulate the results of online polls, artificially inflate pageview counts on web sites, “amplif[y]” sanctioned messages on YouTube, and censor video content judged to be “extremist.” The capabilities, detailed in documents provided by NSA>>","[<script>
                      DV.load('https://www.documentcloud.org/documents/1217406-jtrigall.js', {
                          width: '100%',
                          height: '450',
                          sidebar: false,
                          container: '#dcv-1217406-jtrigall'
                      });
                    </script>]",dcv-1217406-jtrigall
https://firstlook.org/theintercept/document/2014/07/08/fisa-dataflow/,FISA dataflow,7/9/14,Spying on Muslim-American Leaders,https://firstlook.org/theintercept/article/2014/07/09/under-surveillance/,Intercept,"The National Security Agency and FBI have covertly monitored the emails of prominent Muslim-Americans—including a political candidate and several civil rights activists, academics, and lawyers—under secretive procedures intended to target terrorists and foreign spies. According to documents provided by NSA whistleblower Edward Snowden, the list of Americans monitored by their own government includes: • Faisal>>","[<script>
                      DV.load('https://www.documentcloud.org/documents/1213555-slide-redacted.js', {
                          width: '100%',
                          height: '550',
                          sidebar: false,
                          container: '#dcv-1213555-slide-redacted'
                      });
                    </script>]",dcv-1213555-slide-redacted
https://firstlook.org/theintercept/document/2014/05/19/somalget-memo/,SOMALGET,5/19/14,Data Pirates of the Caribbean: The NSA is Recording Every Cell Phone Call in the Bahamas,https://firstlook.org/theintercept/article/2014/05/19/data-pirates-caribbean-nsa-recording-every-cell-phone-call-bahamas/,Intercept,"The National Security Agency is secretly intercepting, recording, and archiving the audio of virtually every cell phone conversation on the island nation of the Bahamas. According to documents provided by NSA whistleblower Edward Snowden, the surveillance is part of a top-secret system – code-named SOMALGET – that was implemented without the knowledge or consent of the Bahamian>>","[<script>
                      DV.load('https://www.documentcloud.org/documents/1164088-somalget.js', {
                          width: '100%',
                          height: '450',
                          sidebar: false,
                          container: '#dcv-1164088-somalget'
                      });
                    </script>]",dcv-1164088-somalget
https://firstlook.org/theintercept/document/2014/05/19/sidtoday-dea-warfighter/,SIDToday: DEA – The “Other” Warfighter,5/19/14,Data Pirates of the Caribbean: The NSA is Recording Every Cell Phone Call in the Bahamas,https://firstlook.org/theintercept/article/2014/05/19/data-pirates-caribbean-nsa-recording-every-cell-phone-call-bahamas/,Intercept,"The National Security Agency is secretly intercepting, recording, and archiving the audio of virtually every cell phone conversation on the island nation of the Bahamas. According to documents provided by NSA whistleblower Edward Snowden, the surveillance is part of a top-secret system – code-named SOMALGET – that was implemented without the knowledge or consent of the Bahamian>>","[<script>
                      DV.load('https://www.documentcloud.org/documents/1164085-sidtoday-dea-the-other-warfighter.js', {
                          width: '100%',
                          height: '450',
                          sidebar: false,
                          container: '#dcv-1164085-sidtoday-dea-the-other-warfighter'
                      });
                    </script>]",dcv-1164085-sidtoday-dea-the-other-warfighter
https://firstlook.org/theintercept/document/2014/05/19/sso-dictionary-excerpt/,SSO Dictionary Excerpt,5/19/14,Data Pirates of the Caribbean: The NSA is Recording Every Cell Phone Call in the Bahamas,https://firstlook.org/theintercept/article/2014/05/19/data-pirates-caribbean-nsa-recording-every-cell-phone-call-bahamas/,Intercept,"The National Security Agency is secretly intercepting, recording, and archiving the audio of virtually every cell phone conversation on the island nation of the Bahamas. According to documents provided by NSA whistleblower Edward Snowden, the surveillance is part of a top-secret system – code-named SOMALGET – that was implemented without the knowledge or consent of the Bahamian>>","[<script>
                      DV.load('https://www.documentcloud.org/documents/1164086-sso-dictionary-excerpt.js', {
                          width: '100%',
                          height: '450',
                          sidebar: false,
                          container: '#dcv-1164086-sso-dictionary-excerpt'
                      });
                    </script>]",dcv-1164086-sso-dictionary-excerpt
https://firstlook.org/theintercept/document/2014/05/19/mystic/,MYSTIC,5/19/14,Data Pirates of the Caribbean: The NSA is Recording Every Cell Phone Call in the Bahamas,https://firstlook.org/theintercept/article/2014/05/19/data-pirates-caribbean-nsa-recording-every-cell-phone-call-bahamas/,Intercept,"The National Security Agency is secretly intercepting, recording, and archiving the audio of virtually every cell phone conversation on the island nation of the Bahamas. According to documents provided by NSA whistleblower Edward Snowden, the surveillance is part of a top-secret system – code-named SOMALGET – that was implemented without the knowledge or consent of the Bahamian>>","[<script>
                      DV.load('https://www.documentcloud.org/documents/1164087-mystic.js', {
                          width: '100%',
                          height: '450',
                          sidebar: false,
                          container: '#dcv-1164087-mystic'
                      });
                    </script>]",dcv-1164087-mystic
https://firstlook.org/theintercept/document/2014/05/19/sso-march-14-2013/,"SSO March 14, 2013",5/19/14,Data Pirates of the Caribbean: The NSA is Recording Every Cell Phone Call in the Bahamas,https://firstlook.org/theintercept/article/2014/05/19/data-pirates-caribbean-nsa-recording-every-cell-phone-call-bahamas/,Intercept,"The National Security Agency is secretly intercepting, recording, and archiving the audio of virtually every cell phone conversation on the island nation of the Bahamas. According to documents provided by NSA whistleblower Edward Snowden, the surveillance is part of a top-secret system – code-named SOMALGET – that was implemented without the knowledge or consent of the Bahamian>>","[<script>
                      DV.load('https://www.documentcloud.org/documents/1164082-14mar2013-sso.js', {
                          width: '100%',
                          height: '450',
                          sidebar: false,
                          container: '#dcv-1164082-14mar2013-sso'
                      });
                    </script>]",dcv-1164082-14mar2013-sso
https://firstlook.org/theintercept/document/2014/05/19/sso-april-18-2013-whats-new/,"SSO April 18, 2013 – What’s New",5/19/14,Data Pirates of the Caribbean: The NSA is Recording Every Cell Phone Call in the Bahamas,https://firstlook.org/theintercept/article/2014/05/19/data-pirates-caribbean-nsa-recording-every-cell-phone-call-bahamas/,Intercept,"The National Security Agency is secretly intercepting, recording, and archiving the audio of virtually every cell phone conversation on the island nation of the Bahamas. According to documents provided by NSA whistleblower Edward Snowden, the surveillance is part of a top-secret system – code-named SOMALGET – that was implemented without the knowledge or consent of the Bahamian>>","[<script>
                      DV.load('https://www.documentcloud.org/documents/1164083-18april2013-sso-whats-new.js', {
                          width: '100%',
                          height: '450',
                          sidebar: false,
                          container: '#dcv-1164083-18april2013-sso-whats-new'
                      });
                    </script>]",dcv-1164083-18april2013-sso-whats-new
https://firstlook.org/theintercept/document/2014/05/19/sso-may-2-2013/,"SSO May 2, 2013",5/19/14,Data Pirates of the Caribbean: The NSA is Recording Every Cell Phone Call in the Bahamas,https://firstlook.org/theintercept/article/2014/05/19/data-pirates-caribbean-nsa-recording-every-cell-phone-call-bahamas/,Intercept,"The National Security Agency is secretly intercepting, recording, and archiving the audio of virtually every cell phone conversation on the island nation of the Bahamas. According to documents provided by NSA whistleblower Edward Snowden, the surveillance is part of a top-secret system – code-named SOMALGET – that was implemented without the knowledge or consent of the Bahamian>>","[<script>
                      DV.load('https://www.documentcloud.org/documents/1164079-02may2013-sso.js', {
                          width: '100%',
                          height: '450',
                          sidebar: false,
                          container: '#dcv-1164079-02may2013-sso'
                      });
                    </script>]",dcv-1164079-02may2013-sso
https://firstlook.org/theintercept/document/2014/05/19/sso-may-3-2013-mystic/,"SSO May 3, 2013 – MYSTIC",5/19/14,Data Pirates of the Caribbean: The NSA is Recording Every Cell Phone Call in the Bahamas,https://firstlook.org/theintercept/article/2014/05/19/data-pirates-caribbean-nsa-recording-every-cell-phone-call-bahamas/,Intercept,"The National Security Agency is secretly intercepting, recording, and archiving the audio of virtually every cell phone conversation on the island nation of the Bahamas. According to documents provided by NSA whistleblower Edward Snowden, the surveillance is part of a top-secret system – code-named SOMALGET – that was implemented without the knowledge or consent of the Bahamian>>","[<script>
                      DV.load('https://www.documentcloud.org/documents/1164080-03may2013-sso-mystic.js', {
                          width: '100%',
                          height: '450',
                          sidebar: false,
                          container: '#dcv-1164080-03may2013-sso-mystic'
                      });
                    </script>]",dcv-1164080-03may2013-sso-mystic
https://firstlook.org/theintercept/document/2014/05/19/sso-may-3-2012/,"SSO May 3, 2012",5/19/14,Data Pirates of the Caribbean: The NSA is Recording Every Cell Phone Call in the Bahamas,https://firstlook.org/theintercept/article/2014/05/19/data-pirates-caribbean-nsa-recording-every-cell-phone-call-bahamas/,Intercept,"The National Security Agency is secretly intercepting, recording, and archiving the audio of virtually every cell phone conversation on the island nation of the Bahamas. According to documents provided by NSA whistleblower Edward Snowden, the surveillance is part of a top-secret system – code-named SOMALGET – that was implemented without the knowledge or consent of the Bahamian>>","[<script>
                      DV.load('https://www.documentcloud.org/documents/1164081-03may2013-sso.js', {
                          width: '100%',
                          height: '450',
                          sidebar: false,
                          container: '#dcv-1164081-03may2013-sso'
                      });
                    </script>]",dcv-1164081-03may2013-sso
https://firstlook.org/theintercept/document/2014/05/19/black-budget/,Black Budget,5/19/14,Data Pirates of the Caribbean: The NSA is Recording Every Cell Phone Call in the Bahamas,https://firstlook.org/theintercept/article/2014/05/19/data-pirates-caribbean-nsa-recording-every-cell-phone-call-bahamas/,Intercept,"The National Security Agency is secretly intercepting, recording, and archiving the audio of virtually every cell phone conversation on the island nation of the Bahamas. According to documents provided by NSA whistleblower Edward Snowden, the surveillance is part of a top-secret system – code-named SOMALGET – that was implemented without the knowledge or consent of the Bahamian>>","[<script>
                      DV.load('https://www.documentcloud.org/documents/1164084-black-budget.js', {
                          width: '100%',
                          height: '450',
                          sidebar: false,
                          container: '#dcv-1164084-black-budget'
                      });
                    </script>]",dcv-1164084-black-budget
https://firstlook.org/theintercept/document/2014/04/30/lobban-nsa-visit-precis/,Lobban NSA Visit Précis,4/30/14,Prism Olympics,https://firstlook.org/theintercept/article/2014/04/30/gchq-prism-nsa-fisa-unsupervised-access-snowden/,Intercept,Secret documents reveal that British surveillance agency GCHQ coveted the NSA's vast troves of private communications and sought “unsupervised access” to its data as recently as last year.,"[<script>
                      DV.load('https://www.documentcloud.org/documents/1150433-lobban-nsa-visit-precis.js', {
                          width: '100%',
                          height: '450',
                          sidebar: false,
                          container: '#dcv-1150433-lobban-nsa-visit-precis'
                      });
                    </script>]",dcv-1150433-lobban-nsa-visit-precis
https://firstlook.org/theintercept/document/2014/04/30/prism-olympic-option/,PRISM Olympic Option,4/30/14,Prism Olympics,https://firstlook.org/theintercept/article/2014/04/30/gchq-prism-nsa-fisa-unsupervised-access-snowden/,Intercept,Secret documents reveal that British surveillance agency GCHQ coveted the NSA's vast troves of private communications and sought “unsupervised access” to its data as recently as last year.,"[<script>
                      DV.load('https://www.documentcloud.org/documents/1150434-prism-olympic-option.js', {
                          width: '100%',
                          height: '450',
                          sidebar: false,
                          container: '#dcv-1150434-prism-olympic-option'
                      });
                    </script>]",dcv-1150434-prism-olympic-option
https://firstlook.org/theintercept/document/2014/04/30/ghostmachine-identifier-lead-triage-echobase,GHOSTMACHINE: Identifier Lead Triage with ECHOBASE,4/30/14,Prism Olympics,https://firstlook.org/theintercept/article/2014/04/30/gchq-prism-nsa-fisa-unsupervised-access-snowden/,Intercept,Secret documents reveal that British surveillance agency GCHQ coveted the NSA's vast troves of private communications and sought “unsupervised access” to its data as recently as last year.,"[<script>
                      DV.load('https://www.documentcloud.org/documents/1150436-ghostmachine-identifier-lead-triage-with-echobase.js', {
                          width: '100%',
                          height: '450',
                          sidebar: false,
                          container: '#dcv-1150436-ghostmachine-identifier-lead-triage-with-echobase'
                      });
                    </script>]",dcv-1150436-ghostmachine-identifier-lead-triage-with-echobase
https://firstlook.org/theintercept/document/2014/04/04/full-spectrum-cyber-effects/,Full-Spectrum Cyber Effects,4/4/14,GCHQ Full Spectrum Cyber Effects,https://firstlook.org/theintercept/2014/04/04/cuban-twitter-scam-social-media-tool-disseminating-government-propaganda/,Intercept,"The sham ""Cuban Twitter"" program, along with top secret NSA documents, show how western governments exploit the Internet to manipulate political discourse.","[<script>
                      DV.load('https://www.documentcloud.org/documents/1102570-full-spectrum-cyber-effects-final.js', {
                          width: '100%',
                          height: '450',
                          sidebar: false,
                          container: '#dcv-1102570-full-spectrum-cyber-effects-final'
                      });
                    </script>]",dcv-1102570-full-spectrum-cyber-effects-final
https://firstlook.org/theintercept/document/2014/04/04/2009-sigdev-conference/,2009 SigDev Conference,4/4/14,GCHQ Full Spectrum Cyber Effects,https://firstlook.org/theintercept/2014/04/04/cuban-twitter-scam-social-media-tool-disseminating-government-propaganda/,Intercept,"The sham ""Cuban Twitter"" program, along with top secret NSA documents, show how western governments exploit the Internet to manipulate political discourse.","[<script>
                      DV.load('https://www.documentcloud.org/documents/1102569-2009-sigdev-conference.js', {
                          width: '100%',
                          height: '450',
                          sidebar: false,
                          container: '#dcv-1102569-2009-sigdev-conference'
                      });
                    </script>]",dcv-1102569-2009-sigdev-conference
https://firstlook.org/theintercept/document/2014/03/20/hunt-sys-admins/,I Hunt Sys Admins,3/20/14,Targeting System Administrator Accounts to Access Networks,https://firstlook.org/theintercept/article/2014/03/20/inside-nsa-secret-efforts-hunt-hack-system-administrators/,Intercept,"Across the world, people who work as system administrators keep computer networks in order – and this has turned them into unwitting targets of the NSA for simply doing their jobs.","[<script>
                      DV.load('https://www.documentcloud.org/documents/1094387-i-hunt-sys-admins.js', {
                          width: '100%',
                          height: '450',
                          sidebar: false,
                          container: '#dcv-1094387-i-hunt-sys-admins'
                      });
                    </script>]",dcv-1094387-i-hunt-sys-admins
https://firstlook.org/theintercept/document/2014/03/12/one-way-quantum/,There Is More Than One Way to Quantum,3/20/14,Targeting System Administrator Accounts to Access Networks,https://firstlook.org/theintercept/article/2014/03/20/inside-nsa-secret-efforts-hunt-hack-system-administrators/,Intercept,"Across the world, people who work as system administrators keep computer networks in order – and this has turned them into unwitting targets of the NSA for simply doing their jobs.","[<script>
                      DV.load('https://www.documentcloud.org/documents/1076891-there-is-more-than-one-way-to-quantum.js', {
                          width: '100%',
                          height: '450',
                          sidebar: false,
                          container: '#dcv-1076891-there-is-more-than-one-way-to-quantum'
                      });
                    </script>]",dcv-1076891-there-is-more-than-one-way-to-quantum
https://firstlook.org/theintercept/document/2014/03/17/nsa-secretly-masqueraded-facebook-hack-computers-surveillance/,Video: How the NSA Secretly Masqueraded as Facebook to Hack Computers for Surveillance,3/20/14,Targeting System Administrator Accounts to Access Networks,https://firstlook.org/theintercept/article/2014/03/20/inside-nsa-secret-efforts-hunt-hack-system-administrators/,Intercept,"Across the world, people who work as system administrators keep computer networks in order – and this has turned them into unwitting targets of the NSA for simply doing their jobs.","[<script>
                      DV.load('https://www.documentcloud.org/documents/.js', {
                          width: '100%',
                          height: '450',
                          sidebar: false,
                          container: '#dcv-'
                      });
                    </script>]",dcv-
https://firstlook.org/theintercept/document/2014/03/13/third-party-relationships/ ?Edi,Third Party Relationships,3/13/14,NSA Cooperative Third Party Relationships,https://firstlook.org/theintercept/article/2014/03/13/nsa-elected-officials-foreign-countries-unaware-countries-cooperation-us/,Intercept,A new NSA document sheds new light on what foreign officials know (and don't know) about spying operations in their own countries.,"[<script>
                      DV.load('https://www.documentcloud.org/documents/1084762-third-party-relationships.js', {
                          width: '100%',
                          height: '450',
                          sidebar: false,
                          container: '#dcv-1084762-third-party-relationships'
                      });
                    </script>]",dcv-1084762-third-party-relationships
https://firstlook.org/theintercept/document/2014/03/12/thousands-implants/,Thousands of Implants,3/12/14,TURBINE and TURMOIL,https://firstlook.org/theintercept/article/2014/03/12/nsa-plans-infect-millions-computers-malware/,Intercept,The NSA is dramatically expanding its ability to covertly deploy malware on a mass scale.,"[<script>
                      DV.load('https://www.documentcloud.org/documents/1077721-thousands-of-implants.js', {
                          width: '100%',
                          height: '450',
                          sidebar: false,
                          container: '#dcv-1077721-thousands-of-implants'
                      });
                    </script>]",dcv-1077721-thousands-of-implants
https://firstlook.org/theintercept/document/2014/03/12/industrial-scale-exploitation/,Industrial-Scale Exploitation,3/12/14,TURBINE and TURMOIL,https://firstlook.org/theintercept/article/2014/03/12/nsa-plans-infect-millions-computers-malware/,Intercept,The NSA is dramatically expanding its ability to covertly deploy malware on a mass scale.,"[<script>
                      DV.load('https://www.documentcloud.org/documents/1077724-industry-scale-exploitation.js', {
                          width: '100%',
                          height: '450',
                          sidebar: false,
                          container: '#dcv-1077724-industry-scale-exploitation'
                      });
                    </script>]",dcv-1077724-industry-scale-exploitation
https://firstlook.org/theintercept/document/2014/03/12/nsa-technology-directorate-analysis-converged-data/,NSA Technology Directorate Analysis of Converged Data,3/12/14,TURBINE and TURMOIL,https://firstlook.org/theintercept/article/2014/03/12/nsa-plans-infect-millions-computers-malware/,Intercept,The NSA is dramatically expanding its ability to covertly deploy malware on a mass scale.,"[<script>
                      DV.load('https://www.documentcloud.org/documents/1076889-nsa-technology-directorate-analysis-of-converged.js', {
                          width: '100%',
                          height: '450',
                          sidebar: false,
                          container: '#dcv-1076889-nsa-technology-directorate-analysis-of-converged'
                      });
                    </script>]",dcv-1076889-nsa-technology-directorate-analysis-of-converged
https://firstlook.org/theintercept/document/2014/03/12/nsa-phishing-tactics-man-middle-attacks/,NSA Phishing Tactics and Man in the Middle Attacks,3/12/14,TURBINE and TURMOIL,https://firstlook.org/theintercept/article/2014/03/12/nsa-plans-infect-millions-computers-malware/,Intercept,The NSA is dramatically expanding its ability to covertly deploy malware on a mass scale.,"[<script>
                      DV.load('https://www.documentcloud.org/documents/1076859-nsa-phishing-tactics-and-man-in-the-middle-attacks.js', {
                          width: '100%',
                          height: '450',
                          sidebar: false,
                          container: '#dcv-1076859-nsa-phishing-tactics-and-man-in-the-middle-attacks'
                      });
                    </script>]",dcv-1076859-nsa-phishing-tactics-and-man-in-the-middle-attacks
https://firstlook.org/theintercept/document/2014/03/12/turbine-turmoil/,TURBINE and TURMOIL,3/12/14,TURBINE and TURMOIL,https://firstlook.org/theintercept/article/2014/03/12/nsa-plans-infect-millions-computers-malware/,Intercept,The NSA is dramatically expanding its ability to covertly deploy malware on a mass scale.,"[<script>
                      DV.load('https://www.documentcloud.org/documents/1076867-turbine-and-turmoil.js', {
                          width: '100%',
                          height: '450',
                          sidebar: false,
                          container: '#dcv-1076867-turbine-and-turmoil'
                      });
                    </script>]",dcv-1076867-turbine-and-turmoil
https://firstlook.org/theintercept/document/2014/03/12/menwith-hill-station-leverages-xkeyscore-quantum-yahoo-hotmail/,Menwith Hill Station Leverages XKeyscore for Quantum Against Yahoo and Hotmail,3/12/14,TURBINE and TURMOIL,https://firstlook.org/theintercept/article/2014/03/12/nsa-plans-infect-millions-computers-malware/,Intercept,The NSA is dramatically expanding its ability to covertly deploy malware on a mass scale.,"[<script>
                      DV.load('https://www.documentcloud.org/documents/1076903-menwith-hill-station-leverages-xkeyscore-for.js', {
                          width: '100%',
                          height: '450',
                          sidebar: false,
                          container: '#dcv-1076903-menwith-hill-station-leverages-xkeyscore-for'
                      });
                    </script>]",dcv-1076903-menwith-hill-station-leverages-xkeyscore-for
https://firstlook.org/theintercept/document/2014/03/12/nsa-gchqs-quantumtheory-hacking-tactics/,The NSA and GCHQ’s QUANTUMTHEORY Hacking Tactics,3/12/14,TURBINE and TURMOIL,https://firstlook.org/theintercept/article/2014/03/12/nsa-plans-infect-millions-computers-malware/,Intercept,The NSA is dramatically expanding its ability to covertly deploy malware on a mass scale.,"[<script>
                      DV.load('https://www.documentcloud.org/documents/1076864-the-nsa-and-gchqs-quantumtheory-hacking-tactics.js', {
                          width: '100%',
                          height: '450',
                          sidebar: false,
                          container: '#dcv-1076864-the-nsa-and-gchqs-quantumtheory-hacking-tactics'
                      });
                    </script>]",dcv-1076864-the-nsa-and-gchqs-quantumtheory-hacking-tactics
https://firstlook.org/theintercept/document/2014/03/12/five-eyes-hacking-large-routers/,Five Eyes Hacking Large Routers,3/12/14,TURBINE and TURMOIL,https://firstlook.org/theintercept/article/2014/03/12/nsa-plans-infect-millions-computers-malware/,Intercept,The NSA is dramatically expanding its ability to covertly deploy malware on a mass scale.,"[<script>
                      DV.load('https://www.documentcloud.org/documents/1076902-five-eyes-hacking-large-routers.js', {
                          width: '100%',
                          height: '450',
                          sidebar: false,
                          container: '#dcv-1076902-five-eyes-hacking-large-routers'
                      });
                    </script>]",dcv-1076902-five-eyes-hacking-large-routers
https://firstlook.org/theintercept/document/2014/03/12/selector-types/,Selector Types,3/12/14,TURBINE and TURMOIL,https://firstlook.org/theintercept/article/2014/03/12/nsa-plans-infect-millions-computers-malware/,Intercept,The NSA is dramatically expanding its ability to covertly deploy malware on a mass scale.,"[<script>
                      DV.load('https://www.documentcloud.org/documents/1076890-selector-types.js', {
                          width: '100%',
                          height: '450',
                          sidebar: false,
                          container: '#dcv-1076890-selector-types'
                      });
                    </script>]",dcv-1076890-selector-types
https://firstlook.org/theintercept/document/2014/03/12/vpn-voip-exploitation-hammerchant-hammerstein/,VPN and VOIP Exploitation With HAMMERCHANT and HAMMERSTEIN,3/12/14,TURBINE and TURMOIL,https://firstlook.org/theintercept/article/2014/03/12/nsa-plans-infect-millions-computers-malware/,Intercept,The NSA is dramatically expanding its ability to covertly deploy malware on a mass scale.,"[<script>
                      DV.load('https://www.documentcloud.org/documents/1076868-vpn-and-voip-exploitation-with-hammerchant-and.js', {
                          width: '100%',
                          height: '450',
                          sidebar: false,
                          container: '#dcv-1076868-vpn-and-voip-exploitation-with-hammerchant-and'
                      });
                    </script>]",dcv-1076868-vpn-and-voip-exploitation-with-hammerchant-and
https://firstlook.org/theintercept/document/2014/03/07/silenced-sid/,Silenced in SID,3/7/14,Ask Zelda - The NSA Has An Advice Columnist. Seriously.,https://firstlook.org/theintercept/article/2014/03/07/nsa-advice-columnist-seriously/,Intercept,What if the National Security Agency had its own advice columnist? What would the eavesdroppers ask about?,"[<script>
                      DV.load('https://www.documentcloud.org/documents/1059980-silenced-in-sid.js', {
                          width: '100%',
                          height: '450',
                          sidebar: false,
                          container: '#dcv-1059980-silenced-in-sid'
                      });
                    </script>]",dcv-1059980-silenced-in-sid
https://firstlook.org/theintercept/document/2014/03/07/an-interview-with-zelda/,An Interview with Zelda,3/7/14,Ask Zelda - The NSA Has An Advice Columnist. Seriously.,https://firstlook.org/theintercept/article/2014/03/07/nsa-advice-columnist-seriously/,Intercept,What if the National Security Agency had its own advice columnist? What would the eavesdroppers ask about?,"[<script>
                      DV.load('https://www.documentcloud.org/documents/1059976-an-interview-with-zelda.js', {
                          width: '100%',
                          height: '450',
                          sidebar: false,
                          container: '#dcv-1059976-an-interview-with-zelda'
                      });
                    </script>]",dcv-1059976-an-interview-with-zelda
https://firstlook.org/theintercept/document/2014/03/07/bain-de-soleil-bane-nsa/,Is Bain De Soleil a Bane on NSA?,3/7/14,Ask Zelda - The NSA Has An Advice Columnist. Seriously.,https://firstlook.org/theintercept/article/2014/03/07/nsa-advice-columnist-seriously/,Intercept,What if the National Security Agency had its own advice columnist? What would the eavesdroppers ask about?,"[<script>
                      DV.load('https://www.documentcloud.org/documents/1059979-is-bain-de-soleil-a-bane-on-nsa.js', {
                          width: '100%',
                          height: '450',
                          sidebar: false,
                          container: '#dcv-1059979-is-bain-de-soleil-a-bane-on-nsa'
                      });
                    </script>]",dcv-1059979-is-bain-de-soleil-a-bane-on-nsa
https://firstlook.org/theintercept/document/2014/03/07/guilty-proven-innocent/,Guilty Until Proven Innocent,3/7/14,Ask Zelda - The NSA Has An Advice Columnist. Seriously.,https://firstlook.org/theintercept/article/2014/03/07/nsa-advice-columnist-seriously/,Intercept,What if the National Security Agency had its own advice columnist? What would the eavesdroppers ask about?,"[<script>
                      DV.load('https://www.documentcloud.org/documents/1059978-guilty-until-proven-innocent.js', {
                          width: '100%',
                          height: '450',
                          sidebar: false,
                          container: '#dcv-1059978-guilty-until-proven-innocent'
                      });
                    </script>]",dcv-1059978-guilty-until-proven-innocent
https://firstlook.org/theintercept/document/2014/02/24/art-deception-training-new-generation-online-covert-operations/,The Art of Deception: Training for a New Generation of Online Covert Operations,2/24/14,Training for Covert Online Operations,https://firstlook.org/theintercept/2014/02/24/jtrig-manipulation/,Intercept,One of the many pressing stories that remains to be told from the Snowden archive is how western intelligence agencies are attempting to manipulate and control online discourse with extreme tactics of deception and reputation-destruction. ,"[<script>
                      DV.load('https://www.documentcloud.org/documents/1021430-the-art-of-deception-training-for-a-new.js', {
                          width: '100%',
                          height: '600',
                          sidebar: false,
                          container: '#dcv-1021430-the-art-of-deception-training-for-a-new'
                      });
                    </script>]",dcv-1021430-the-art-of-deception-training-for-a-new
https://firstlook.org/theintercept/document/2014/02/18/psychology-new-kind-sigdev/,Psychology: A New Kind of SIGDEV,2/18/14,GCHQ SIGDEV,https://firstlook.org/theintercept/article/2014/02/18/snowden-docs-reveal-covert-surveillance-and-pressure-tactics-aimed-at-wikileaks-and-its-supporters/,Intercept,Top-secret documents from the National Security Agency and its British counterpart reveal for the first time how the governments of the United States and the United Kingdom targeted WikiLeaks and other activist groups with tactics ranging from covert surveillance to prosecution.,"[<script>
                      DV.load('https://www.documentcloud.org/documents/1019236-psychology-a-new-kind-of-sigdev.js', {
                          width: '100%',
                          height: '650',
                          sidebar: false,
                          container: '#dcv-1019236-psychology-a-new-kind-of-sigdev'
                      });
                    </script>]",dcv-1019236-psychology-a-new-kind-of-sigdev
https://firstlook.org/theintercept/document/2014/02/18/discovery-sigint-targeting-scenarios-compliance/,Discovery SIGINT Targeting Scenarios and Compliance,2/18/14,GCHQ SIGDEV,https://firstlook.org/theintercept/article/2014/02/18/snowden-docs-reveal-covert-surveillance-and-pressure-tactics-aimed-at-wikileaks-and-its-supporters/,Intercept,Top-secret documents from the National Security Agency and its British counterpart reveal for the first time how the governments of the United States and the United Kingdom targeted WikiLeaks and other activist groups with tactics ranging from covert surveillance to prosecution.,"[<script>
                      DV.load('https://www.documentcloud.org/documents/1019062-discovery-sigint-targeting-scenarios-and.js', {
                          width: '100%',
                          height: '450',
                          sidebar: false,
                          container: '#dcv-1019062-discovery-sigint-targeting-scenarios-and'
                      });
                    </script>]",dcv-1019062-discovery-sigint-targeting-scenarios-and
